"id","label","type","required","position","translations","allServices","allEvents","useAsLocation","width","saveType","saveFirstChoice","includeInInvoice"
"id","customFieldId","eventId"
"id","customFieldId","label","position","translations"
"id","parentId","name","status","bookingOpens","bookingCloses","bookingOpensRec","bookingClosesRec","ticketRangeRec","recurringCycle","recurringOrder","recurringInterval","recurringMonthly","monthlyDate","monthlyOnRepeat","monthlyOnDay","recurringUntil","maxCapacity","maxCustomCapacity","maxExtraPeople","price","locationId","customLocation","description","color","show","notifyParticipants","created","settings","zoomUserId","bringingAnyone","bookMultipleTimes","translations","depositPayment","depositPerPerson","fullPayment","deposit","customPricing","organizerId","closeAfterMin","closeAfterMinBookings","aggregatedPrice","error"
"1",NULL,"Eden Ristorante","approved",NULL,NULL,"same","same","calculate",NULL,NULL,NULL,NULL,NULL,NULL,NULL,NULL,"30",NULL,"1","0",NULL,"Piazza Roma","<!-- Content --><p>Nel cuore di Piazza Roma, l’Eden porta in strada la sua cucina mediterranea dal carattere autentico. Per “Dehors j’adore” propone un percorso di mare che profuma di tradizione: sapori freschi, preparazioni semplici e una grande attenzione alla qualità. Una pausa gourmand firmata da Antonio Casula.</p><p><br></p><p><strong>➤ Menù speciale</strong></p><ul><li>Insalata di polpo</li><li>Carbonara di mare</li><li>Fritto misto</li></ul>","#1788FB","1","1","2025-11-26 10:40:32","{""payments"":{""paymentLinks"":{""enabled"":false,""changeBookingStatus"":false,""redirectUrl"":null}},""general"":{""minimumTimeRequirementPriorToCanceling"":0,""redirectUrlAfterAppointment"":null},""zoom"":{""enabled"":false},""lessonSpace"":{""enabled"":false},""googleMeet"":{""enabled"":false},""microsoftTeams"":{""enabled"":false},""waitingList"":{""enabled"":false,""addingMethod"":""Manually"",""maxCapacity"":1,""maxExtraPeopleEnabled"":false,""maxExtraPeople"":0}}",NULL,"1","1",NULL,"disabled","1","0","0","0",NULL,NULL,"0","1",
"2",NULL,"Ristorante Kalispera","approved",NULL,NULL,"same","same","calculate",NULL,NULL,NULL,NULL,NULL,NULL,NULL,NULL,"30",NULL,"1","0",NULL,"Via Garibaldi","<!-- Content --><p>Il Kalispera racconta l’Oristanese attraverso piatti che uniscono stagionalità e identità. Dalla creatività sui carciofi alla fregula con cardoncelli, fino all’asinello in umido con cardi selvatici, ogni portata è un omaggio alle radici culinarie locali. Una tappa ideale per chi cerca gusto autentico.</p><p><br></p><p><strong>➤ Menù speciale</strong></p><ul><li>Trittico di carciofi</li><li>Fregula con cardoncelli</li><li>Asinello in umido con cardi selvatici</li></ul>","#1788FB","1","1","2025-11-27 16:23:25","{""payments"":{""paymentLinks"":{""enabled"":false,""changeBookingStatus"":false,""redirectUrl"":null}},""general"":{""minimumTimeRequirementPriorToCanceling"":null,""redirectUrlAfterAppointment"":null},""zoom"":{""enabled"":false},""lessonSpace"":{""enabled"":false},""googleMeet"":{""enabled"":false},""microsoftTeams"":{""enabled"":false},""waitingList"":{""enabled"":false,""addingMethod"":""Manually"",""maxCapacity"":1,""maxExtraPeopleEnabled"":false,""maxExtraPeople"":0}}",NULL,"1","1",NULL,"disabled","1","0","0","0",NULL,NULL,"0","1",
"3",NULL,"Ristorante Tamatete","approved",NULL,NULL,"same","same","calculate",NULL,NULL,NULL,NULL,NULL,NULL,NULL,NULL,"30",NULL,"1","0",NULL,"Piazza Corrias","<!-- Content --><p>Il Tamatete porta in piazza un percorso gastronomico che unisce mare, tradizione e sapori antichi. Piatti dal carattere deciso, reinterpretati con cura e tecnica. Una proposta che valorizza l’identità culinaria oristanese in forma elegante.</p><p><br></p><p><strong>➤ Menù speciale</strong></p><p><br></p><ul><li>Carpaccio di muggine</li><li>Ravioli di cernia</li><li>Anguille in scabeccio</li></ul>","#1788FB","1","1","2025-11-27 16:26:13","{""payments"":{""paymentLinks"":{""enabled"":false,""changeBookingStatus"":false,""redirectUrl"":null}},""general"":{""minimumTimeRequirementPriorToCanceling"":null,""redirectUrlAfterAppointment"":null},""zoom"":{""enabled"":false},""lessonSpace"":{""enabled"":false},""googleMeet"":{""enabled"":false},""microsoftTeams"":{""enabled"":false},""waitingList"":{""enabled"":false,""addingMethod"":""Manually"",""maxCapacity"":1,""maxExtraPeopleEnabled"":false,""maxExtraPeople"":0}}",NULL,"1","1",NULL,"disabled","1","0","0","0",NULL,NULL,"0","1",
"4",NULL,"Pizzeria Civico 35","approved",NULL,NULL,"same","same","calculate",NULL,NULL,NULL,NULL,NULL,NULL,NULL,NULL,"25",NULL,"1","0",NULL,"Piazza Eleonora","<!-- Content --><p>A due passi dalla statua di Eleonora d’Arborea, Civico 35 presenta due pizze create appositamente per l’evento: ricette territoriali, ingredienti selezionati e il tocco contemporaneo della casa. Una scelta perfetta per chi ama i sapori schietti.</p><p><br></p><p><strong>➤ Pizze speciali dell’evento</strong></p><ul><li><strong>Pizza Marmora</strong>: antunna, casizzolu di Santu Lussurgiu, guanciale Monte Linas</li><li><strong>Pizza “19 Dicembre”</strong>: cardi selvatici, pomodoro secco, pancetta Monte Linas, ricotta di pecora</li></ul>","#1788FB","1","1","2025-11-27 16:27:20","{""payments"":{""paymentLinks"":{""enabled"":false,""changeBookingStatus"":false,""redirectUrl"":null}},""general"":{""minimumTimeRequirementPriorToCanceling"":null,""redirectUrlAfterAppointment"":null},""zoom"":{""enabled"":false},""lessonSpace"":{""enabled"":false},""googleMeet"":{""enabled"":false},""microsoftTeams"":{""enabled"":false},""waitingList"":{""enabled"":false,""addingMethod"":""Manually"",""maxCapacity"":1,""maxExtraPeopleEnabled"":false,""maxExtraPeople"":0}}",NULL,"1","1",NULL,"disabled","1","0","0","0",NULL,NULL,"0","1",
"5",NULL,"Caffè Dalì","approved",NULL,NULL,"same","same","calculate",NULL,NULL,NULL,NULL,NULL,NULL,NULL,NULL,"100",NULL,"1","0",NULL,"Via Garibaldi","<!-- Content --><p>Il Caffè Dalì accoglie il pubblico con atmosfera rilassata e una selezione di cocktail identitari creati per raccontare Oristano in versione contemporanea. Una sosta perfetta tra un assaggio e l’altro lungo le vie del centro.</p>","#1788FB","1","1","2025-11-27 16:28:05","{""payments"":{""paymentLinks"":{""enabled"":false,""changeBookingStatus"":false,""redirectUrl"":null}},""general"":{""minimumTimeRequirementPriorToCanceling"":null,""redirectUrlAfterAppointment"":null},""zoom"":{""enabled"":false},""lessonSpace"":{""enabled"":false},""googleMeet"":{""enabled"":false},""microsoftTeams"":{""enabled"":false},""waitingList"":{""enabled"":false,""addingMethod"":""Manually"",""maxCapacity"":1,""maxExtraPeopleEnabled"":false,""maxExtraPeople"":0}}",NULL,"1","1",NULL,"disabled","1","0","0","0",NULL,NULL,"0","1",
"6",NULL,"Caffè La Piazza","approved",NULL,NULL,"same","same","calculate",NULL,NULL,NULL,NULL,NULL,NULL,NULL,NULL,"100",NULL,"1","0",NULL,"Piazza Eleonora","<!-- Content --><p>Affacciato sulla piazza simbolo di Oristano, il Caffè La Piazza propone due signature drink territoriali firmati Silvio Carta. Cocktail essenziali, puliti e profondamente identitari, perfetti per un aperitivo elegante nella cornice più iconica della città.</p><p><br></p><p><strong>➤ Cocktail speciali dell’evento</strong></p><ul><li>Negroni Sardo</li><li>Americano Sardo</li></ul>","#1788FB","1","1","2025-11-27 16:28:49","{""payments"":{""paymentLinks"":{""enabled"":false,""changeBookingStatus"":false,""redirectUrl"":null}},""general"":{""minimumTimeRequirementPriorToCanceling"":null,""redirectUrlAfterAppointment"":null},""zoom"":{""enabled"":false},""lessonSpace"":{""enabled"":false},""googleMeet"":{""enabled"":false},""microsoftTeams"":{""enabled"":false},""waitingList"":{""enabled"":false,""addingMethod"":""Manually"",""maxCapacity"":1,""maxExtraPeopleEnabled"":false,""maxExtraPeople"":0}}",NULL,"1","1",NULL,"disabled","1","0","0","0",NULL,NULL,"0","1",
"7",NULL,"Bar Pasticceria Babai","approved",NULL,NULL,"same","same","calculate",NULL,NULL,NULL,NULL,NULL,NULL,NULL,NULL,"100",NULL,"1","0",NULL,"Via Garibaldi","<!-- Content --><p>Babai porta alla rassegna la sua tradizionale cura artigianale e una selezione di cocktail identitari perfetti per accompagnare una pausa dolce o un aperitivo leggero. Un locale accogliente e ideale per chi ama il gusto raffinato.</p><p><br></p><p><strong>➤ Cocktail identitari presenti</strong></p><ul><li>Bixicretta 2.0</li><li>Sospirus Tonic</li><li>Ameristano</li></ul>","#1788FB","1","1","2025-11-27 16:32:41","{""payments"":{""paymentLinks"":{""enabled"":false,""changeBookingStatus"":false,""redirectUrl"":null}},""general"":{""minimumTimeRequirementPriorToCanceling"":null,""redirectUrlAfterAppointment"":null},""zoom"":{""enabled"":false},""lessonSpace"":{""enabled"":false},""googleMeet"":{""enabled"":false},""microsoftTeams"":{""enabled"":false},""waitingList"":{""enabled"":false,""addingMethod"":""Manually"",""maxCapacity"":1,""maxExtraPeopleEnabled"":false,""maxExtraPeople"":0}}",NULL,"1","1",NULL,"disabled","1","0","0","0",NULL,NULL,"0","1",
"8",NULL,"I GRANI","approved",NULL,NULL,"same","same","calculate",NULL,NULL,NULL,NULL,NULL,NULL,NULL,NULL,"20",NULL,"1","0",NULL,"CORSO GARIBALDI","MENU
<br>- Primo: pane frattau con uovo
<br>- Secondo: Pecora e pane guttiau
<br>- Dolce: ricotta, miele e mandorle tostate
<br>
<br>Per maggiori informazioni 3495436368
","#1788FB","1","1","2026-03-10 10:19:45","{""payments"":{""paymentLinks"":{""enabled"":false,""changeBookingStatus"":false,""redirectUrl"":null}},""general"":{""minimumTimeRequirementPriorToCanceling"":null,""redirectUrlAfterAppointment"":null},""zoom"":{""enabled"":false},""lessonSpace"":{""enabled"":false},""googleMeet"":{""enabled"":false},""microsoftTeams"":{""enabled"":false},""waitingList"":{""enabled"":false,""addingMethod"":""Manually"",""maxCapacity"":1,""maxExtraPeopleEnabled"":false,""maxExtraPeople"":0}}",NULL,"1","1",NULL,"disabled","1","0","0","0",NULL,NULL,"0","1",
"9",NULL,"LATTERIA ZIA MARIANNA","approved",NULL,NULL,"same","same","calculate",NULL,NULL,NULL,NULL,NULL,NULL,NULL,NULL,"20",NULL,"1","0",NULL,"CORSO GARIBALDI","MENU 
<br>-Antipasto: selezione di salumi locali 
<br>-Primo: maccarrones furriaos 
<br>-Secondo: formaggio arrosto o purpuzza
<br>
<br>Per maggiori informazioni 3899050307
","#1788FB","1","1","2026-03-10 10:21:26","{""payments"":{""paymentLinks"":{""enabled"":false,""changeBookingStatus"":false,""redirectUrl"":null}},""general"":{""minimumTimeRequirementPriorToCanceling"":null,""redirectUrlAfterAppointment"":null},""zoom"":{""enabled"":false},""lessonSpace"":{""enabled"":false},""googleMeet"":{""enabled"":false},""microsoftTeams"":{""enabled"":false},""waitingList"":{""enabled"":false,""addingMethod"":""Manually"",""maxCapacity"":1,""maxExtraPeopleEnabled"":false,""maxExtraPeople"":0}}",NULL,"1","1",NULL,"disabled","1","0","0","0",NULL,NULL,"0","1",
"10",NULL,"IL PORTICO","approved",NULL,NULL,"same","same","calculate",NULL,NULL,NULL,NULL,NULL,NULL,NULL,NULL,"25",NULL,"1","0",NULL,"Via Mons. Melas","MENU 
<br>-Antipasto: selezione di salumi locali
<br>-Primo: pane frattau                                 
<br>-Secondo: formaggio arrosto
<br>
<br>Per maggiori informazioni 0784232909
","#1788FB","1","1","2026-03-10 10:26:26","{""payments"":{""paymentLinks"":{""enabled"":false,""changeBookingStatus"":false,""redirectUrl"":null}},""general"":{""minimumTimeRequirementPriorToCanceling"":null,""redirectUrlAfterAppointment"":null},""zoom"":{""enabled"":false},""lessonSpace"":{""enabled"":false},""googleMeet"":{""enabled"":false},""microsoftTeams"":{""enabled"":false},""waitingList"":{""enabled"":false,""addingMethod"":""Manually"",""maxCapacity"":1,""maxExtraPeopleEnabled"":false,""maxExtraPeople"":0}}",NULL,"1","1",NULL,"disabled","1","0","0","0",NULL,NULL,"0","1",
"11",NULL,"RISTORANTE LA SCARPETTA","approved",NULL,NULL,"same","same","calculate",NULL,NULL,NULL,NULL,NULL,NULL,NULL,NULL,"35",NULL,"1","0",NULL,"VIALE SARDEGNA, 33A","MENU 
<br>-Antipasto: selezione salumi
<br>-primo: pane frattau
<br>-secondo: sebada
<br>
<br>Per maggiori informazioni 3514452969
","#1788FB","1","1","2026-03-10 10:27:52","{""payments"":{""paymentLinks"":{""enabled"":false,""changeBookingStatus"":false,""redirectUrl"":null}},""general"":{""minimumTimeRequirementPriorToCanceling"":null,""redirectUrlAfterAppointment"":null},""zoom"":{""enabled"":false},""lessonSpace"":{""enabled"":false},""googleMeet"":{""enabled"":false},""microsoftTeams"":{""enabled"":false},""waitingList"":{""enabled"":false,""addingMethod"":""Manually"",""maxCapacity"":1,""maxExtraPeopleEnabled"":false,""maxExtraPeople"":0}}",NULL,"1","1",NULL,"disabled","1","0","0","0",NULL,NULL,"0","1",
"12",NULL,"PANELENTU","approved",NULL,NULL,"same","same","calculate",NULL,NULL,NULL,NULL,NULL,NULL,NULL,NULL,"10",NULL,"1","0",NULL,"VIA DELLE GRAZIE, 20","MENU 
<br>-Antipasto con prosciutto, formaggio affumicato e pane lentu farcito
<br>-Primo a scelta: malloreddus al ragu di maiale o pane frattau
<br>-Sebada
<br>
<br> Per maggiori informazioni 3929781617
","#1788FB","1","1","2026-03-10 10:29:58","{""payments"":{""paymentLinks"":{""enabled"":false,""changeBookingStatus"":false,""redirectUrl"":null}},""general"":{""minimumTimeRequirementPriorToCanceling"":null,""redirectUrlAfterAppointment"":null},""zoom"":{""enabled"":false},""lessonSpace"":{""enabled"":false},""googleMeet"":{""enabled"":false},""microsoftTeams"":{""enabled"":false},""waitingList"":{""enabled"":false,""addingMethod"":""Manually"",""maxCapacity"":1,""maxExtraPeopleEnabled"":false,""maxExtraPeople"":0}}",NULL,"1","1",NULL,"disabled","1","0","0","0",NULL,NULL,"0","1",
"13",NULL,"NOBEL '26","approved",NULL,NULL,"same","same","calculate",NULL,NULL,NULL,NULL,NULL,NULL,NULL,NULL,"40",NULL,"1","0",NULL,"P.ZZA MAMELI","MENU
<br>-Antipasto: selezione di salumi locali
<br>-Primo: filindeu                                          
<br>-Secondo: pecora in cappotto
<br>-contorno: patate prezzemolate                
<br>-dolce
<br>
<br> Per maggiorni informazioni 3664425527
","#1788FB","1","1","2026-03-10 10:40:39","{""payments"":{""paymentLinks"":{""enabled"":false,""changeBookingStatus"":false,""redirectUrl"":null}},""general"":{""minimumTimeRequirementPriorToCanceling"":null,""redirectUrlAfterAppointment"":null},""zoom"":{""enabled"":false},""lessonSpace"":{""enabled"":false},""googleMeet"":{""enabled"":false},""microsoftTeams"":{""enabled"":false},""waitingList"":{""enabled"":false,""addingMethod"":""Manually"",""maxCapacity"":1,""maxExtraPeopleEnabled"":false,""maxExtraPeople"":0}}",NULL,"1","1",NULL,"disabled","1","0","0","0",NULL,NULL,"0","1",
"14",NULL,"CASA RUIU","approved",NULL,NULL,"same","same","calculate",NULL,NULL,NULL,NULL,NULL,NULL,NULL,NULL,"20",NULL,"1","0",NULL,"VIA GRAZIA DELEDDA, 48","MENU
<br>-Antipasto: selezione di salumi locali
<br>-Primo: pane frattau                                  
<br>-Secondo: formaggio arrosto e miele
<br>
<br>Per maggiori informazioni 3514093626
","#1788FB","1","1","2026-03-10 10:44:38","{""payments"":{""paymentLinks"":{""enabled"":false,""changeBookingStatus"":false,""redirectUrl"":null}},""general"":{""minimumTimeRequirementPriorToCanceling"":null,""redirectUrlAfterAppointment"":null},""zoom"":{""enabled"":false},""lessonSpace"":{""enabled"":false},""googleMeet"":{""enabled"":false},""microsoftTeams"":{""enabled"":false},""waitingList"":{""enabled"":false,""addingMethod"":""Manually"",""maxCapacity"":1,""maxExtraPeopleEnabled"":false,""maxExtraPeople"":0}}",NULL,"1","1",NULL,"disabled","1","0","0","0",NULL,NULL,"0","1",
"15",NULL,"PAPPAS EXPERIENCE","approved",NULL,NULL,"same","same","calculate",NULL,NULL,NULL,NULL,NULL,NULL,NULL,NULL,"40",NULL,"1","0",NULL,"SP42, NOSTRA SIGNORA DE SU MONTE","MENU
<br>-Antipasto: il tagliere del monte
<br>-Primo: Pane frattau                                  
<br>-Secondo Pane lentu con formaggio arrosto e miele
<br>
<br>Per maggiori informazioni 3312922222
","#1788FB","1","1","2026-03-10 10:46:15","{""payments"":{""paymentLinks"":{""enabled"":false,""changeBookingStatus"":false,""redirectUrl"":null}},""general"":{""minimumTimeRequirementPriorToCanceling"":null,""redirectUrlAfterAppointment"":null},""zoom"":{""enabled"":false},""lessonSpace"":{""enabled"":false},""googleMeet"":{""enabled"":false},""microsoftTeams"":{""enabled"":false},""waitingList"":{""enabled"":false,""addingMethod"":""Manually"",""maxCapacity"":1,""maxExtraPeopleEnabled"":false,""maxExtraPeople"":0}}",NULL,"1","1",NULL,"disabled","1","0","0","0",NULL,NULL,"0","1",
"16",NULL,"NOVA","approved",NULL,NULL,"same","same","calculate",NULL,NULL,NULL,NULL,NULL,NULL,NULL,NULL,"30",NULL,"1","0",NULL,"VIA GIUSEPPE BIASI, 159","MENU
<br>-Antipasto: tagliere di salumi locali 
<br>-Pranzo: Filindeu                                       
<br>-Secondo: Sebada
<br>
<br>Per maggiori informazioni 3456061530
","#1788FB","1","1","2026-03-10 10:47:30","{""payments"":{""paymentLinks"":{""enabled"":false,""changeBookingStatus"":false,""redirectUrl"":null}},""general"":{""minimumTimeRequirementPriorToCanceling"":null,""redirectUrlAfterAppointment"":null},""zoom"":{""enabled"":false},""lessonSpace"":{""enabled"":false},""googleMeet"":{""enabled"":false},""microsoftTeams"":{""enabled"":false},""waitingList"":{""enabled"":false,""addingMethod"":""Manually"",""maxCapacity"":1,""maxExtraPeopleEnabled"":false,""maxExtraPeople"":0}}",NULL,"1","1",NULL,"disabled","1","0","0","0",NULL,NULL,"0","1",
"17",NULL,"ZEMYNA","approved",NULL,NULL,"same","same","calculate",NULL,NULL,NULL,NULL,NULL,NULL,NULL,NULL,"30",NULL,"1","0",NULL,"VIA GIAMPIERO CHIRONI, 15","MENU
<br>-Antipasto: misto di salumi locali
<br>-Primo: Pane Frattau                               
<br>-Secondo: Sebada   
<br>
<br>Per maggiori informazioni 3391797101
","#1788FB","1","1","2026-03-10 10:48:56","{""payments"":{""paymentLinks"":{""enabled"":false,""changeBookingStatus"":false,""redirectUrl"":null}},""general"":{""minimumTimeRequirementPriorToCanceling"":null,""redirectUrlAfterAppointment"":null},""zoom"":{""enabled"":false},""lessonSpace"":{""enabled"":false},""googleMeet"":{""enabled"":false},""microsoftTeams"":{""enabled"":false},""waitingList"":{""enabled"":false,""addingMethod"":""Manually"",""maxCapacity"":1,""maxExtraPeopleEnabled"":false,""maxExtraPeople"":0}}",NULL,"1","1",NULL,"disabled","1","0","0","0",NULL,NULL,"0","1",
"18",NULL,"LA CANTINA DEL GUSTO","approved",NULL,NULL,"same","same","calculate",NULL,NULL,NULL,NULL,NULL,NULL,NULL,NULL,"20",NULL,"1","0",NULL,"VIA SALVATORE MANNIRONI, 35","MENU
<br>-Antipasto: misto di salumi locali 
<br>-Primo: Pane Frattau                               
<br>-Secondo: Sebada al miele  
<br>
<br>Per maggiori informazioni 0784 211838
","#1788FB","1","1","2026-03-10 10:49:42","{""payments"":{""paymentLinks"":{""enabled"":false,""changeBookingStatus"":false,""redirectUrl"":null}},""general"":{""minimumTimeRequirementPriorToCanceling"":null,""redirectUrlAfterAppointment"":null},""zoom"":{""enabled"":false},""lessonSpace"":{""enabled"":false},""googleMeet"":{""enabled"":false},""microsoftTeams"":{""enabled"":false},""waitingList"":{""enabled"":false,""addingMethod"":""Manually"",""maxCapacity"":1,""maxExtraPeopleEnabled"":false,""maxExtraPeople"":0}}",NULL,"1","1",NULL,"disabled","1","0","0","0",NULL,NULL,"0","1",
"19",NULL,"MONTI BLU","approved",NULL,NULL,"same","same","calculate",NULL,NULL,NULL,NULL,NULL,NULL,NULL,NULL,"30",NULL,"1","0",NULL,"P.ZZA SEBASTIABNO SATTA","MENU
<br>-Antipasto: purpuzza saltata con mandorle e cipolle caramellate
<br>-Primo: ministru furriau                 
<br>
<br>Per maggiori informazioni 0784231443
","#1788FB","1","1","2026-03-13 10:53:43","{""payments"":{""paymentLinks"":{""enabled"":false,""changeBookingStatus"":false,""redirectUrl"":null}},""general"":{""minimumTimeRequirementPriorToCanceling"":null,""redirectUrlAfterAppointment"":null},""zoom"":{""enabled"":false},""lessonSpace"":{""enabled"":false},""googleMeet"":{""enabled"":false},""microsoftTeams"":{""enabled"":false},""waitingList"":{""enabled"":false,""addingMethod"":""Manually"",""maxCapacity"":1,""maxExtraPeopleEnabled"":false,""maxExtraPeople"":0}}",NULL,"1","1",NULL,"disabled","1","0","0","0",NULL,NULL,"0","1",
"20",NULL,"IL RIFUGIO","approved",NULL,NULL,"same","same","calculate",NULL,NULL,NULL,NULL,NULL,NULL,NULL,NULL,"15",NULL,"1","0",NULL,"VIA MEREU","MENU
<br>-Primo: Filindeu nel brodo di pecora e il pecorino                   
<br>-Secondo: pecora in cassola alla Nuorese e formaggio arrosto
<br>
<br>Per maggiori informazioni 3200940906
","#1788FB","1","1","2026-03-13 10:55:34","{""payments"":{""paymentLinks"":{""enabled"":false,""changeBookingStatus"":false,""redirectUrl"":null}},""general"":{""minimumTimeRequirementPriorToCanceling"":null,""redirectUrlAfterAppointment"":null},""zoom"":{""enabled"":false},""lessonSpace"":{""enabled"":false},""googleMeet"":{""enabled"":false},""microsoftTeams"":{""enabled"":false},""waitingList"":{""enabled"":false,""addingMethod"":""Manually"",""maxCapacity"":1,""maxExtraPeopleEnabled"":false,""maxExtraPeople"":0}}",NULL,"1","1",NULL,"disabled","1","0","0","0",NULL,NULL,"0","1",
"21",NULL,"HOTEL GRILLO","approved",NULL,NULL,"same","same","calculate",NULL,NULL,NULL,NULL,NULL,NULL,NULL,NULL,"40",NULL,"1","0",NULL,"VIA MONS. MELAS","MENU
<br>-Antipasto: fave e lardo, salsiccia e formaggio   
<br>-Primo: macarrones de busa al sugo di pecora                           
<br>-Secondo: casadinas salate  
<br>- Dolce: aranzada
<br>
<br>Per maggiori informazioni 3929642365
","#1788FB","1","1","2026-03-13 10:57:37","{""payments"":{""paymentLinks"":{""enabled"":false,""changeBookingStatus"":false,""redirectUrl"":null}},""general"":{""minimumTimeRequirementPriorToCanceling"":null,""redirectUrlAfterAppointment"":null},""zoom"":{""enabled"":false},""lessonSpace"":{""enabled"":false},""googleMeet"":{""enabled"":false},""microsoftTeams"":{""enabled"":false},""waitingList"":{""enabled"":false,""addingMethod"":""Manually"",""maxCapacity"":1,""maxExtraPeopleEnabled"":false,""maxExtraPeople"":0}}",NULL,"1","1",NULL,"disabled","1","0","0","0",NULL,NULL,"0","1",
"22",NULL,"PLANET","approved",NULL,NULL,"same","same","calculate",NULL,NULL,NULL,NULL,NULL,NULL,NULL,NULL,"40",NULL,"1","0",NULL,"VIA DELLA RESISTENZA, 71","MENU
<br>-Antipasto: Salumi e formaggi nostrani
<br>-Primo: Pane frattau                                  
<br>-Dolce: Sebada
<br>
<br>Per maggiori informazioni 3498721979
","#1788FB","1","1","2026-03-13 14:26:15","{""payments"":{""paymentLinks"":{""enabled"":false,""changeBookingStatus"":false,""redirectUrl"":null}},""general"":{""minimumTimeRequirementPriorToCanceling"":null,""redirectUrlAfterAppointment"":null},""zoom"":{""enabled"":false},""lessonSpace"":{""enabled"":false},""googleMeet"":{""enabled"":false},""microsoftTeams"":{""enabled"":false},""waitingList"":{""enabled"":false,""addingMethod"":""Manually"",""maxCapacity"":1,""maxExtraPeopleEnabled"":false,""maxExtraPeople"":0}}",NULL,"1","1",NULL,"disabled","1","0","0","0",NULL,NULL,"0","1",
"23",NULL,"LOCANDA 'E MONTE","approved",NULL,NULL,"same","same","calculate",NULL,NULL,NULL,NULL,NULL,NULL,NULL,NULL,"40",NULL,"1","0",NULL,"LOC. MONTE ORTOBENE","MENU
<br>-Antipasto: tagliere di salumi e formaggi
<br>-Primo: Pane Frattau                           
<br>-Secondo: formaggio arrosto, fave e lardo
<br>- Dolce: sebada
<br>
<br>Per maggiori informazioni 3200940906
","#1788FB","1","1","2026-03-14 13:32:19","{""payments"":{""paymentLinks"":{""enabled"":false,""changeBookingStatus"":false,""redirectUrl"":null}},""general"":{""minimumTimeRequirementPriorToCanceling"":null,""redirectUrlAfterAppointment"":null},""zoom"":{""enabled"":false},""lessonSpace"":{""enabled"":false},""googleMeet"":{""enabled"":false},""microsoftTeams"":{""enabled"":false},""waitingList"":{""enabled"":false,""addingMethod"":""Manually"",""maxCapacity"":1,""maxExtraPeopleEnabled"":false,""maxExtraPeople"":0}}",NULL,"1","1",NULL,"disabled","1","0","0","0",NULL,NULL,"0","1",
"24",NULL,"PIANO B","approved",NULL,NULL,"same","same","calculate",NULL,NULL,NULL,NULL,NULL,NULL,NULL,NULL,"20",NULL,"1","0",NULL,"VIA XX SETTEMBRE, 16","MENU
<br>-Antipasto: tagliere di salumi e formaggi locali
<br>-Primo: Pane Frattau                           
<br>-Secondo: sebada al miele
<br>
<br>Per maggiori informazioni 3801074320
","#1788FB","1","1","2026-03-14 13:35:11","{""payments"":{""paymentLinks"":{""enabled"":false,""changeBookingStatus"":false,""redirectUrl"":null}},""general"":{""minimumTimeRequirementPriorToCanceling"":null,""redirectUrlAfterAppointment"":null},""zoom"":{""enabled"":false},""lessonSpace"":{""enabled"":false},""googleMeet"":{""enabled"":false},""microsoftTeams"":{""enabled"":false},""waitingList"":{""enabled"":false,""addingMethod"":""Manually"",""maxCapacity"":1,""maxExtraPeopleEnabled"":false,""maxExtraPeople"":0}}",NULL,"1","1",NULL,"disabled","1","0","0","0",NULL,NULL,"0","1",
"25",NULL,"CONTROCORRENTE","approved",NULL,NULL,"same","same","calculate",NULL,NULL,NULL,NULL,NULL,NULL,NULL,NULL,"22",NULL,"1","0",NULL,"VIA XX SETTEMBRE, 19","MENU
<br>-Antipasto: Ventaglio di salumi e formaggi locali
<br>-Primo: Macarrones furriaos                         
<br>-Dolce: Ricotta e miele
<br>
<br>Per maggiori informazioni  3759116600Antipasto: Ventaglio di salumi e formaggi locali                                 Primo Piatto: Macarrones furriaos      Dolce: Ricotta e miele
","#1788FB","1","1","2026-03-14 13:40:53","{""payments"":{""paymentLinks"":{""enabled"":false,""changeBookingStatus"":false,""redirectUrl"":null}},""general"":{""minimumTimeRequirementPriorToCanceling"":null,""redirectUrlAfterAppointment"":null},""zoom"":{""enabled"":false},""lessonSpace"":{""enabled"":false},""googleMeet"":{""enabled"":false},""microsoftTeams"":{""enabled"":false},""waitingList"":{""enabled"":false,""addingMethod"":""Manually"",""maxCapacity"":1,""maxExtraPeopleEnabled"":false,""maxExtraPeople"":0}}",NULL,"1","1",NULL,"disabled","1","0","0","0",NULL,NULL,"0","1",
"26",NULL,"TRATTORIA IL TAGLIERE","approved",NULL,NULL,"same","same","calculate",NULL,NULL,NULL,NULL,NULL,NULL,NULL,NULL,"30",NULL,"1","0",NULL,"CORSO GARIBALDI, 3","MENU
<br>-Antipasto: salumi e formaggi
<br>-Primo: pane frattau
<br>-Dolce: sebada
<br>
<br>Per maggiori informazioni 0784231443
","#1788FB","1","1","2026-03-18 12:21:52","{""payments"":{""paymentLinks"":{""enabled"":false,""changeBookingStatus"":false,""redirectUrl"":null}},""general"":{""minimumTimeRequirementPriorToCanceling"":null,""redirectUrlAfterAppointment"":null},""zoom"":{""enabled"":false},""lessonSpace"":{""enabled"":false},""googleMeet"":{""enabled"":false},""microsoftTeams"":{""enabled"":false},""waitingList"":{""enabled"":false,""addingMethod"":""Manually"",""maxCapacity"":1,""maxExtraPeopleEnabled"":false,""maxExtraPeople"":0}}",NULL,"1","1",NULL,"disabled","1","0","0","0",NULL,NULL,"0","1",
"27",NULL,"TREDICIZEROUNO","approved",NULL,NULL,"same","same","calculate",NULL,NULL,NULL,NULL,NULL,NULL,NULL,NULL,"25",NULL,"1","0",NULL,"Centro Commerciale Europa","MENU 
<br>-Antipasto: salumi e formaggi
<br>-Primo: macarrones de busa alle noci                        
<br>-Secondo: sebada
<br>
<br>Per maggiori informazioni  07841952453
","#1788FB","1","1","2026-03-19 15:13:32","{""payments"":{""paymentLinks"":{""enabled"":false,""changeBookingStatus"":false,""redirectUrl"":null}},""general"":{""minimumTimeRequirementPriorToCanceling"":null,""redirectUrlAfterAppointment"":null},""zoom"":{""enabled"":false},""lessonSpace"":{""enabled"":false},""googleMeet"":{""enabled"":false},""microsoftTeams"":{""enabled"":false},""waitingList"":{""enabled"":false,""addingMethod"":""Manually"",""maxCapacity"":1,""maxExtraPeopleEnabled"":false,""maxExtraPeople"":0}}",NULL,"1","1",NULL,"disabled","1","0","0","0",NULL,NULL,"0","1",
"28",NULL,"AGRICAMPEGGIO ELIGHES","approved",NULL,NULL,"same","same","calculate",NULL,NULL,NULL,NULL,NULL,NULL,NULL,NULL,"80",NULL,"1","0",NULL,"SANTU LUSSURGIU - Loc. Bia Josso","MENU
<br>- Antipasto: Insalata fredda di bollito di Bue Rosso
<br>- Secondo: Bistecca arrosto
<br>- Contorno: Patate
","#1788FB","1","1","2026-06-23 16:00:05","{""payments"":{""paymentLinks"":{""enabled"":false,""changeBookingStatus"":false,""redirectUrl"":null}},""general"":{""minimumTimeRequirementPriorToCanceling"":null,""redirectUrlAfterAppointment"":null},""zoom"":{""enabled"":false},""lessonSpace"":{""enabled"":false},""googleMeet"":{""enabled"":false},""microsoftTeams"":{""enabled"":false},""waitingList"":{""enabled"":false,""addingMethod"":""Manually"",""maxCapacity"":1,""maxExtraPeopleEnabled"":false,""maxExtraPeople"":0}}",NULL,"1","1",NULL,"disabled","1","0","0","0",NULL,NULL,"0","1",
"29",NULL,"RISTORANTE BLAO","approved",NULL,NULL,"same","same","calculate",NULL,NULL,NULL,NULL,NULL,NULL,NULL,NULL,"20",NULL,"1","0",NULL,"ORISTANO - Via G. Mazzini 114","MENU
<br>- Secondo: Tagliata Bue Rosso arrosto con rucola
<br>- Contorno: Patate arrosto
<br>
<br>Per maggiori informazioni 3358144939
","#1788FB","1","1","2026-06-23 16:17:04","{""payments"":{""paymentLinks"":{""enabled"":false,""changeBookingStatus"":false,""redirectUrl"":null}},""general"":{""minimumTimeRequirementPriorToCanceling"":null,""redirectUrlAfterAppointment"":null},""zoom"":{""enabled"":false},""lessonSpace"":{""enabled"":false},""googleMeet"":{""enabled"":false},""microsoftTeams"":{""enabled"":false},""waitingList"":{""enabled"":false,""addingMethod"":""Manually"",""maxCapacity"":1,""maxExtraPeopleEnabled"":false,""maxExtraPeople"":0}}",NULL,"1","1",NULL,"disabled","1","0","0","0",NULL,NULL,"0","1",
"30",NULL,"RISTORANTE KALISPERA","approved",NULL,NULL,"same","same","calculate",NULL,NULL,NULL,NULL,NULL,NULL,NULL,NULL,"30",NULL,"1","0",NULL,"ORISTANO - Via Garibaldi, 5","MENU
<br>- Secondo: Tagliata con rucola e casizolu
<br>- Contorno: Patate arrosto
<br>
<br>Per maggiori informazioni 3397553721
","#1788FB","1","1","2026-06-23 16:18:25","{""payments"":{""paymentLinks"":{""enabled"":false,""changeBookingStatus"":false,""redirectUrl"":null}},""general"":{""minimumTimeRequirementPriorToCanceling"":null,""redirectUrlAfterAppointment"":null},""zoom"":{""enabled"":false},""lessonSpace"":{""enabled"":false},""googleMeet"":{""enabled"":false},""microsoftTeams"":{""enabled"":false},""waitingList"":{""enabled"":false,""addingMethod"":""Manually"",""maxCapacity"":1,""maxExtraPeopleEnabled"":false,""maxExtraPeople"":0}}",NULL,"1","1",NULL,"disabled","1","0","0","0",NULL,NULL,"0","1",
"31",NULL,"RISTORANTE TAMATETE","approved",NULL,NULL,"same","same","calculate",NULL,NULL,NULL,NULL,NULL,NULL,NULL,NULL,"20",NULL,"1","0",NULL,"ORISTANO - Piazza Corrias","MENU
<br>- Secondo:: Tagliata arrosto
<br>- Contorno: Patate arrosto
<br>
<br>Per maggiori informazioni 3402476904
","#1788FB","1","1","2026-06-23 16:48:00","{""payments"":{""paymentLinks"":{""enabled"":false,""changeBookingStatus"":false,""redirectUrl"":null}},""general"":{""minimumTimeRequirementPriorToCanceling"":null,""redirectUrlAfterAppointment"":null},""zoom"":{""enabled"":false},""lessonSpace"":{""enabled"":false},""googleMeet"":{""enabled"":false},""microsoftTeams"":{""enabled"":false},""waitingList"":{""enabled"":false,""addingMethod"":""Manually"",""maxCapacity"":1,""maxExtraPeopleEnabled"":false,""maxExtraPeople"":0}}",NULL,"1","1",NULL,"disabled","1","0","0","0",NULL,NULL,"0","1",
"32",NULL,"RISTORANTE ESTRO","approved",NULL,NULL,"same","same","calculate",NULL,NULL,NULL,NULL,NULL,NULL,NULL,NULL,"20",NULL,"1","0",NULL,"CABRAS - Via C. Battisti, 42","MENU
<br>- Aperitivo: Carpaccio di Bue Rosso
<br>- Secondo: Tagliata di Bue Rosso con tartufo di Nurallao
<br>
<br>Per maggiori informazioni 3515683285
","#1788FB","1","1","2026-06-24 21:25:55","{""payments"":{""paymentLinks"":{""enabled"":false,""changeBookingStatus"":false,""redirectUrl"":null}},""general"":{""minimumTimeRequirementPriorToCanceling"":null,""redirectUrlAfterAppointment"":null},""zoom"":{""enabled"":false},""lessonSpace"":{""enabled"":false},""googleMeet"":{""enabled"":false},""microsoftTeams"":{""enabled"":false},""waitingList"":{""enabled"":false,""addingMethod"":""Manually"",""maxCapacity"":1,""maxExtraPeopleEnabled"":false,""maxExtraPeople"":0}}",NULL,"1","1",NULL,"disabled","1","0","0","0",NULL,NULL,"0","1",
"33",NULL,"RISTORANTE LE SORGENTI","approved",NULL,NULL,"same","same","calculate",NULL,NULL,NULL,NULL,NULL,NULL,NULL,NULL,"30",NULL,"1","0",NULL,"SANTU LUSSURGIU - Via Dei Pisani","MENU
<br>- Antipasto: Salumi misti
<br>- Secondo: Tagliata con rucola e grana o tagliata con Casizolu
<br>- Contorno: Patate arrosto
","#1788FB","1","1","2026-06-24 21:39:48","{""payments"":{""paymentLinks"":{""enabled"":false,""changeBookingStatus"":false,""redirectUrl"":null}},""general"":{""minimumTimeRequirementPriorToCanceling"":null,""redirectUrlAfterAppointment"":null},""zoom"":{""enabled"":false},""lessonSpace"":{""enabled"":false},""googleMeet"":{""enabled"":false},""microsoftTeams"":{""enabled"":false},""waitingList"":{""enabled"":false,""addingMethod"":""Manually"",""maxCapacity"":1,""maxExtraPeopleEnabled"":false,""maxExtraPeople"":0}}",NULL,"1","1",NULL,"disabled","1","0","0","0",NULL,NULL,"0","1",
"34",NULL,"RISTORANTE DA GIGI - HOTEL MARGHINE","approved",NULL,NULL,"same","same","calculate",NULL,NULL,NULL,NULL,NULL,NULL,NULL,NULL,"30",NULL,"1","0",NULL,"MACOMER - Via Vitt Emanuele II, 3","MENU
<br>- Secondo: Tagliata di Bue Rosso con Casizzolu del Montiferru
<br>- Contorno: Patate aglio e rosmarino
<br>- Dolce: Tiramissardo
","#1788FB","1","1","2026-06-24 21:41:38","{""payments"":{""paymentLinks"":{""enabled"":false,""changeBookingStatus"":false,""redirectUrl"":null}},""general"":{""minimumTimeRequirementPriorToCanceling"":null,""redirectUrlAfterAppointment"":null},""zoom"":{""enabled"":false},""lessonSpace"":{""enabled"":false},""googleMeet"":{""enabled"":false},""microsoftTeams"":{""enabled"":false},""waitingList"":{""enabled"":false,""addingMethod"":""Manually"",""maxCapacity"":1,""maxExtraPeopleEnabled"":false,""maxExtraPeople"":0}}",NULL,"1","1",NULL,"disabled","1","0","0","0",NULL,NULL,"0","1",
"35",NULL,"RISTORANTE TAMULI’S","approved",NULL,NULL,"same","same","calculate",NULL,NULL,NULL,NULL,NULL,NULL,NULL,NULL,"60",NULL,"1","0",NULL,"MACOMER - Via Beniamino Piercy, 15","MENU
<br>- Antipasto: Carpaccio di Bue Rosso con miele allo zenzero
<br>- Secondo: Entrecôte di Bue Rosso alla griglia
<br>- Contorno: Patate al forno
","#1788FB","1","1","2026-06-24 21:42:56","{""payments"":{""paymentLinks"":{""enabled"":false,""changeBookingStatus"":false,""redirectUrl"":null}},""general"":{""minimumTimeRequirementPriorToCanceling"":null,""redirectUrlAfterAppointment"":null},""zoom"":{""enabled"":false},""lessonSpace"":{""enabled"":false},""googleMeet"":{""enabled"":false},""microsoftTeams"":{""enabled"":false},""waitingList"":{""enabled"":false,""addingMethod"":""Manually"",""maxCapacity"":1,""maxExtraPeopleEnabled"":false,""maxExtraPeople"":0}}",NULL,"1","1",NULL,"disabled","1","0","0","0",NULL,NULL,"0","1",
"36",NULL,"MARCO’S PIZZA","approved",NULL,NULL,"same","same","calculate",NULL,NULL,NULL,NULL,NULL,NULL,NULL,NULL,"30",NULL,"1","0",NULL,"TINNURA - Via Nazionale, 13","MENU
<br>- Secondo: Bue Rosso al profumo di rosmarino
<br>- Contorno: Patate al forno
<br>- Dolce: Dolce della casa
","#1788FB","1","1","2026-06-24 21:43:46","{""payments"":{""paymentLinks"":{""enabled"":false,""changeBookingStatus"":false,""redirectUrl"":null}},""general"":{""minimumTimeRequirementPriorToCanceling"":null,""redirectUrlAfterAppointment"":null},""zoom"":{""enabled"":false},""lessonSpace"":{""enabled"":false},""googleMeet"":{""enabled"":false},""microsoftTeams"":{""enabled"":false},""waitingList"":{""enabled"":false,""addingMethod"":""Manually"",""maxCapacity"":1,""maxExtraPeopleEnabled"":false,""maxExtraPeople"":0}}",NULL,"1","1",NULL,"disabled","1","0","0","0",NULL,NULL,"0","1",
"37",NULL,"LA ROSA DEI VENTI","approved",NULL,NULL,"same","same","calculate",NULL,NULL,NULL,NULL,NULL,NULL,NULL,NULL,"25",NULL,"1","0",NULL,"SENNARIOLO - Colle Santa Vittoria","MENU
<br>- Antipasto: Carne disidratata di Bue Rosso con riduzione di vino e sale al mirto
<br>- Secondo: Bue Rosso con intingolo ""a sa antiga"" con olive
","#1788FB","1","1","2026-06-24 21:45:19","{""payments"":{""paymentLinks"":{""enabled"":false,""changeBookingStatus"":false,""redirectUrl"":null}},""general"":{""minimumTimeRequirementPriorToCanceling"":null,""redirectUrlAfterAppointment"":null},""zoom"":{""enabled"":false},""lessonSpace"":{""enabled"":false},""googleMeet"":{""enabled"":false},""microsoftTeams"":{""enabled"":false},""waitingList"":{""enabled"":false,""addingMethod"":""Manually"",""maxCapacity"":1,""maxExtraPeopleEnabled"":false,""maxExtraPeople"":0}}",NULL,"1","1",NULL,"disabled","1","0","0","0",NULL,NULL,"0","1",
"38",NULL,"RISTIORANTE SAS COVAS","approved",NULL,NULL,"same","same","calculate",NULL,NULL,NULL,NULL,NULL,NULL,NULL,NULL,"20",NULL,"1","0",NULL,"BOSA - Via Sas Covas, 2","MENU
<br>- Secondo: Carpaccio di Bue Rosso
<br>- Contorno: Julienne di verdure
<br>- Dolce: Semifreddo al torrone con caramello salato
","#1788FB","1","1","2026-06-24 21:46:05","{""payments"":{""paymentLinks"":{""enabled"":false,""changeBookingStatus"":false,""redirectUrl"":null}},""general"":{""minimumTimeRequirementPriorToCanceling"":null,""redirectUrlAfterAppointment"":null},""zoom"":{""enabled"":false},""lessonSpace"":{""enabled"":false},""googleMeet"":{""enabled"":false},""microsoftTeams"":{""enabled"":false},""waitingList"":{""enabled"":false,""addingMethod"":""Manually"",""maxCapacity"":1,""maxExtraPeopleEnabled"":false,""maxExtraPeople"":0}}",NULL,"1","1",NULL,"disabled","1","0","0","0",NULL,NULL,"0","1",
"39",NULL,"RISTORANTE DA GIANCARLO E RITA - HOTEL MANNU","approved",NULL,NULL,"same","same","calculate",NULL,NULL,NULL,NULL,NULL,NULL,NULL,NULL,"40",NULL,"1","0",NULL,"BOSA - Viale Alghero, 28","MENU
<br>- Secondo: Tagliata di Bue Rosso con crema di patate affumicate, scalogno caramellato e salsa al vino rosso
<br>- Contorno: Fiori di zucca croccanti
","#1788FB","1","1","2026-06-24 21:46:59","{""payments"":{""paymentLinks"":{""enabled"":false,""changeBookingStatus"":false,""redirectUrl"":null}},""general"":{""minimumTimeRequirementPriorToCanceling"":null,""redirectUrlAfterAppointment"":null},""zoom"":{""enabled"":false},""lessonSpace"":{""enabled"":false},""googleMeet"":{""enabled"":false},""microsoftTeams"":{""enabled"":false},""waitingList"":{""enabled"":false,""addingMethod"":""Manually"",""maxCapacity"":1,""maxExtraPeopleEnabled"":false,""maxExtraPeople"":0}}",NULL,"1","1",NULL,"disabled","1","0","0","0",NULL,NULL,"0","1",
"40",NULL,"SU PITITERI","approved",NULL,NULL,"same","same","calculate",NULL,NULL,NULL,NULL,NULL,NULL,NULL,NULL,"30",NULL,"1","0",NULL,"MACOMER - Via Mannironi, 4","MENU
<br>- Antipasto: Mix di salumi e formaggi sardi
<br>- Secondo: Costata di Bue Rosso alla brace
<br>- Contorno: Patate al forno con rosmarino
","#1788FB","1","1","2026-06-24 21:47:54","{""payments"":{""paymentLinks"":{""enabled"":false,""changeBookingStatus"":false,""redirectUrl"":null}},""general"":{""minimumTimeRequirementPriorToCanceling"":null,""redirectUrlAfterAppointment"":null},""zoom"":{""enabled"":false},""lessonSpace"":{""enabled"":false},""googleMeet"":{""enabled"":false},""microsoftTeams"":{""enabled"":false},""waitingList"":{""enabled"":false,""addingMethod"":""Manually"",""maxCapacity"":1,""maxExtraPeopleEnabled"":false,""maxExtraPeople"":0}}",NULL,"1","1",NULL,"disabled","1","0","0","0",NULL,NULL,"0","1",
"41",NULL,"DON CARLOS","approved",NULL,NULL,"same","same","calculate",NULL,NULL,NULL,NULL,NULL,NULL,NULL,NULL,"20",NULL,"1","0",NULL,"BOSA - Corso V. Emanuele II, 71","MENU
<br>- Secondo: Tagliata di Bue Rosso
<br>- Contorno: Pane e scelta tra patate al forno, verdure alla griglia o insalata mista
","#1788FB","1","1","2026-06-24 21:48:53","{""payments"":{""paymentLinks"":{""enabled"":false,""changeBookingStatus"":false,""redirectUrl"":null}},""general"":{""minimumTimeRequirementPriorToCanceling"":null,""redirectUrlAfterAppointment"":null},""zoom"":{""enabled"":false},""lessonSpace"":{""enabled"":false},""googleMeet"":{""enabled"":false},""microsoftTeams"":{""enabled"":false},""waitingList"":{""enabled"":false,""addingMethod"":""Manually"",""maxCapacity"":1,""maxExtraPeopleEnabled"":false,""maxExtraPeople"":0}}",NULL,"1","1",NULL,"disabled","1","0","0","0",NULL,NULL,"0","1",
"42",NULL,"NOBEL '26","approved",NULL,NULL,"same","same","calculate",NULL,NULL,NULL,NULL,NULL,NULL,NULL,NULL,"40",NULL,"1","0",NULL,"NUORO - Piazza Mameli","MENU
<br>- Secondo: Tagliata di Bue Rosso
<br>- Contorno: Patate al forno
<br>- Dolce: Gelato alla ricotta, limone e miele
","#1788FB","1","1","2026-06-24 21:49:59","{""payments"":{""paymentLinks"":{""enabled"":false,""changeBookingStatus"":false,""redirectUrl"":null}},""general"":{""minimumTimeRequirementPriorToCanceling"":null,""redirectUrlAfterAppointment"":null},""zoom"":{""enabled"":false},""lessonSpace"":{""enabled"":false},""googleMeet"":{""enabled"":false},""microsoftTeams"":{""enabled"":false},""waitingList"":{""enabled"":false,""addingMethod"":""Manually"",""maxCapacity"":1,""maxExtraPeopleEnabled"":false,""maxExtraPeople"":0}}",NULL,"1","1",NULL,"disabled","1","0","0","0",NULL,NULL,"0","1",
"43",NULL,"IL PORTICO","approved",NULL,NULL,"same","same","calculate",NULL,NULL,NULL,NULL,NULL,NULL,NULL,NULL,"30",NULL,"1","0",NULL,"NUORO - Via Mons. Bua, 13","MENU
<br>- Secondo: Tagliata con rucola
<br>- Contorno: Patate al forno
<br>- Dolce: Mousse di ricotta con pompia e abbatu, mele e crumble di mandorle
","#1788FB","1","1","2026-06-24 21:51:03","{""payments"":{""paymentLinks"":{""enabled"":false,""changeBookingStatus"":false,""redirectUrl"":null}},""general"":{""minimumTimeRequirementPriorToCanceling"":null,""redirectUrlAfterAppointment"":null},""zoom"":{""enabled"":false},""lessonSpace"":{""enabled"":false},""googleMeet"":{""enabled"":false},""microsoftTeams"":{""enabled"":false},""waitingList"":{""enabled"":false,""addingMethod"":""Manually"",""maxCapacity"":1,""maxExtraPeopleEnabled"":false,""maxExtraPeople"":0}}",NULL,"1","1",NULL,"disabled","1","0","0","0",NULL,NULL,"0","1",
"44",NULL,"RISTORANTE BENTU DE MARI","approved",NULL,NULL,"same","same","calculate",NULL,NULL,NULL,NULL,NULL,NULL,NULL,NULL,"50",NULL,"1","0",NULL,"BARATILI SAN PIETRO - Loc. Su Padrigheddu","MENU
<br>- Antipasto: Crostino di guttiau con pecorino
<br>- Secondo: Tagliata di Bue Rosso con fagioli, pepe verde e pomodori secchi
<br>- Contorno: Patate al forno
","#1788FB","1","1","2026-06-24 21:52:07","{""payments"":{""paymentLinks"":{""enabled"":false,""changeBookingStatus"":false,""redirectUrl"":null}},""general"":{""minimumTimeRequirementPriorToCanceling"":null,""redirectUrlAfterAppointment"":null},""zoom"":{""enabled"":false},""lessonSpace"":{""enabled"":false},""googleMeet"":{""enabled"":false},""microsoftTeams"":{""enabled"":false},""waitingList"":{""enabled"":false,""addingMethod"":""Manually"",""maxCapacity"":1,""maxExtraPeopleEnabled"":false,""maxExtraPeople"":0}}",NULL,"1","1",NULL,"disabled","1","0","0","0",NULL,NULL,"0","1",
"45",NULL,"RISTORANTE SA CRANNACCIA","approved",NULL,NULL,"same","same","calculate",NULL,NULL,NULL,NULL,NULL,NULL,NULL,NULL,"40",NULL,"1","0",NULL,"CABRAS (SOLANAS) - Via Amerigo Vespucci, 32","MENU
<br>- Secondo: Tagliata di Bue Rosso con Casizzolu e pomodorini
<br>- Contorno: Patate al forno
","#1788FB","1","1","2026-06-24 21:53:12","{""payments"":{""paymentLinks"":{""enabled"":false,""changeBookingStatus"":false,""redirectUrl"":null}},""general"":{""minimumTimeRequirementPriorToCanceling"":null,""redirectUrlAfterAppointment"":null},""zoom"":{""enabled"":false},""lessonSpace"":{""enabled"":false},""googleMeet"":{""enabled"":false},""microsoftTeams"":{""enabled"":false},""waitingList"":{""enabled"":false,""addingMethod"":""Manually"",""maxCapacity"":1,""maxExtraPeopleEnabled"":false,""maxExtraPeople"":0}}",NULL,"1","1",NULL,"disabled","1","0","0","0",NULL,NULL,"0","1",
"46",NULL,"RISTORANTE PLANET","approved",NULL,NULL,"same","same","calculate",NULL,NULL,NULL,NULL,NULL,NULL,NULL,NULL,"40",NULL,"1","0",NULL,"NUORO - Viale Della Resistenza, 71","MENU
<br>- Secondo: Tagliata di Bue Rosso
<br>- Contorno: Patate al forno
<br>- Dolce: Tiramisù
","#1788FB","1","1","2026-06-24 21:54:04","{""payments"":{""paymentLinks"":{""enabled"":false,""changeBookingStatus"":false,""redirectUrl"":null}},""general"":{""minimumTimeRequirementPriorToCanceling"":null,""redirectUrlAfterAppointment"":null},""zoom"":{""enabled"":false},""lessonSpace"":{""enabled"":false},""googleMeet"":{""enabled"":false},""microsoftTeams"":{""enabled"":false},""waitingList"":{""enabled"":false,""addingMethod"":""Manually"",""maxCapacity"":1,""maxExtraPeopleEnabled"":false,""maxExtraPeople"":0}}",NULL,"1","1",NULL,"disabled","1","0","0","0",NULL,NULL,"0","1",
"47",NULL,"PUNTO PIZZA DI G.F. LODDO","approved",NULL,NULL,"same","same","calculate",NULL,NULL,NULL,NULL,NULL,NULL,NULL,NULL,"30",NULL,"1","0",NULL,"NUORO - Via A. Deffenu, 95","MENU
<br>- Secondo: Tagliata
<br>- Contorno: Patate arrosto
<br>- Dolce: Rivisitazione della Sebada
","#1788FB","1","1","2026-06-25 10:38:55","{""payments"":{""paymentLinks"":{""enabled"":false,""changeBookingStatus"":false,""redirectUrl"":null}},""general"":{""minimumTimeRequirementPriorToCanceling"":null,""redirectUrlAfterAppointment"":null},""zoom"":{""enabled"":false},""lessonSpace"":{""enabled"":false},""googleMeet"":{""enabled"":false},""microsoftTeams"":{""enabled"":false},""waitingList"":{""enabled"":false,""addingMethod"":""Manually"",""maxCapacity"":1,""maxExtraPeopleEnabled"":false,""maxExtraPeople"":0}}",NULL,"1","1",NULL,"disabled","1","0","0","0",NULL,NULL,"0","1",
"48",NULL,"Visita guidata al birrificio isola","rejected",NULL,NULL,"same","same","calculate",NULL,NULL,NULL,NULL,NULL,NULL,NULL,NULL,"15",NULL,NULL,"0",NULL,NULL,,"#1788FB","1","1","2026-07-07 09:59:05","{""payments"":{""paymentLinks"":{""enabled"":false,""changeBookingStatus"":false,""redirectUrl"":null}},""general"":{""minimumTimeRequirementPriorToCanceling"":null,""redirectUrlAfterAppointment"":null},""zoom"":{""enabled"":false},""lessonSpace"":{""enabled"":false},""googleMeet"":{""enabled"":false},""microsoftTeams"":{""enabled"":false},""waitingList"":{""enabled"":false,""addingMethod"":""Manually"",""maxCapacity"":1,""maxExtraPeopleEnabled"":false,""maxExtraPeople"":0}}",NULL,"1","1",NULL,"disabled","1","0","0","0",NULL,NULL,"0","1",
"49",NULL,"Visita guidata birrificio Isola ore 12.00","approved",NULL,NULL,"same","same","calculate",NULL,NULL,NULL,NULL,NULL,NULL,NULL,NULL,"15",NULL,"1","0",NULL,NULL,,"#1788FB","1","1","2026-07-07 10:05:22","{""payments"":{""paymentLinks"":{""enabled"":false,""changeBookingStatus"":false,""redirectUrl"":null}},""general"":{""minimumTimeRequirementPriorToCanceling"":null,""redirectUrlAfterAppointment"":null},""zoom"":{""enabled"":false},""lessonSpace"":{""enabled"":false},""googleMeet"":{""enabled"":false},""microsoftTeams"":{""enabled"":false},""waitingList"":{""enabled"":false,""addingMethod"":""Manually"",""maxCapacity"":1,""maxExtraPeopleEnabled"":false,""maxExtraPeople"":0}}",NULL,"1","1",NULL,"disabled","1","0","0","0",NULL,NULL,"0","1",
"50",NULL,"Visita guidata birrificio Isola ore 11.00","approved",NULL,NULL,"same","same","calculate",NULL,NULL,NULL,NULL,NULL,NULL,NULL,NULL,"15",NULL,"1","0",NULL,NULL,,"#1788FB","1","1","2026-07-07 10:05:55","{""payments"":{""paymentLinks"":{""enabled"":false,""changeBookingStatus"":false,""redirectUrl"":null}},""general"":{""minimumTimeRequirementPriorToCanceling"":null,""redirectUrlAfterAppointment"":null},""zoom"":{""enabled"":false},""lessonSpace"":{""enabled"":false},""googleMeet"":{""enabled"":false},""microsoftTeams"":{""enabled"":false},""waitingList"":{""enabled"":false,""addingMethod"":""Manually"",""maxCapacity"":1,""maxExtraPeopleEnabled"":false,""maxExtraPeople"":0}}",NULL,"1","1",NULL,"disabled","1","0","0","0",NULL,NULL,"0","1",
"51",NULL,"Visita guidata birrificio Isola ore 16.00","approved",NULL,NULL,"same","same","calculate",NULL,NULL,NULL,NULL,NULL,NULL,NULL,NULL,"15",NULL,"1","0",NULL,NULL,,"#1788FB","1","1","2026-07-07 10:14:01","{""payments"":{""paymentLinks"":{""enabled"":false,""changeBookingStatus"":false,""redirectUrl"":null}},""general"":{""minimumTimeRequirementPriorToCanceling"":null,""redirectUrlAfterAppointment"":null},""zoom"":{""enabled"":false},""lessonSpace"":{""enabled"":false},""googleMeet"":{""enabled"":false},""microsoftTeams"":{""enabled"":false},""waitingList"":{""enabled"":false,""addingMethod"":""Manually"",""maxCapacity"":1,""maxExtraPeopleEnabled"":false,""maxExtraPeople"":0}}",NULL,"1","1",NULL,"disabled","1","0","0","0",NULL,NULL,"0","1",
"52",NULL,"Visita guidata birrificio Isola ore 17.30","approved",NULL,NULL,"same","same","calculate",NULL,NULL,NULL,NULL,NULL,NULL,NULL,NULL,"15",NULL,"1","0",NULL,NULL,,"#1788FB","1","1","2026-07-07 10:15:27","{""payments"":{""paymentLinks"":{""enabled"":false,""changeBookingStatus"":false,""redirectUrl"":null}},""general"":{""minimumTimeRequirementPriorToCanceling"":null,""redirectUrlAfterAppointment"":null},""zoom"":{""enabled"":false},""lessonSpace"":{""enabled"":false},""googleMeet"":{""enabled"":false},""microsoftTeams"":{""enabled"":false},""waitingList"":{""enabled"":false,""addingMethod"":""Manually"",""maxCapacity"":1,""maxExtraPeopleEnabled"":false,""maxExtraPeople"":0}}",NULL,"1","1",NULL,"disabled","1","0","0","0",NULL,NULL,"0","1",
"53",NULL,"Degustazioni birre artigianali e formaggi ore 11.00","approved",NULL,NULL,"same","same","calculate",NULL,NULL,NULL,NULL,NULL,NULL,NULL,NULL,"15",NULL,"1","0",NULL,NULL,,"#1788FB","1","1","2026-07-07 10:16:53","{""payments"":{""paymentLinks"":{""enabled"":false,""changeBookingStatus"":false,""redirectUrl"":null}},""general"":{""minimumTimeRequirementPriorToCanceling"":null,""redirectUrlAfterAppointment"":null},""zoom"":{""enabled"":false},""lessonSpace"":{""enabled"":false},""googleMeet"":{""enabled"":false},""microsoftTeams"":{""enabled"":false},""waitingList"":{""enabled"":false,""addingMethod"":""Manually"",""maxCapacity"":1,""maxExtraPeopleEnabled"":false,""maxExtraPeople"":0}}",NULL,"1","1",NULL,"disabled","1","0","0","0",NULL,NULL,"0","1",
"54",NULL,"Degustazioni birre artigianali e formaggi ore 12.00","approved",NULL,NULL,"same","same","calculate",NULL,NULL,NULL,NULL,NULL,NULL,NULL,NULL,"15",NULL,"1","0",NULL,NULL,,"#1788FB","1","1","2026-07-07 10:17:10","{""payments"":{""paymentLinks"":{""enabled"":false,""changeBookingStatus"":false,""redirectUrl"":null}},""general"":{""minimumTimeRequirementPriorToCanceling"":null,""redirectUrlAfterAppointment"":null},""zoom"":{""enabled"":false},""lessonSpace"":{""enabled"":false},""googleMeet"":{""enabled"":false},""microsoftTeams"":{""enabled"":false},""waitingList"":{""enabled"":false,""addingMethod"":""Manually"",""maxCapacity"":1,""maxExtraPeopleEnabled"":false,""maxExtraPeople"":0}}",NULL,"1","1",NULL,"disabled","1","0","0","0",NULL,NULL,"0","1",
"55",NULL,"Degustazioni birre artigianali e formaggi ore 16.00","approved",NULL,NULL,"same","same","calculate",NULL,NULL,NULL,NULL,NULL,NULL,NULL,NULL,"15",NULL,"1","0",NULL,NULL,,"#1788FB","1","1","2026-07-07 10:17:22","{""payments"":{""paymentLinks"":{""enabled"":false,""changeBookingStatus"":false,""redirectUrl"":null}},""general"":{""minimumTimeRequirementPriorToCanceling"":null,""redirectUrlAfterAppointment"":null},""zoom"":{""enabled"":false},""lessonSpace"":{""enabled"":false},""googleMeet"":{""enabled"":false},""microsoftTeams"":{""enabled"":false},""waitingList"":{""enabled"":false,""addingMethod"":""Manually"",""maxCapacity"":1,""maxExtraPeopleEnabled"":false,""maxExtraPeople"":0}}",NULL,"1","1",NULL,"disabled","1","0","0","0",NULL,NULL,"0","1",
"56",NULL,"Degustazioni birre artigianali e formaggi ore 17.30","approved",NULL,NULL,"same","same","calculate",NULL,NULL,NULL,NULL,NULL,NULL,NULL,NULL,"15",NULL,"1","0",NULL,NULL,,"#1788FB","1","1","2026-07-07 10:17:32","{""payments"":{""paymentLinks"":{""enabled"":false,""changeBookingStatus"":false,""redirectUrl"":null}},""general"":{""minimumTimeRequirementPriorToCanceling"":null,""redirectUrlAfterAppointment"":null},""zoom"":{""enabled"":false},""lessonSpace"":{""enabled"":false},""googleMeet"":{""enabled"":false},""microsoftTeams"":{""enabled"":false},""waitingList"":{""enabled"":false,""addingMethod"":""Manually"",""maxCapacity"":1,""maxExtraPeopleEnabled"":false,""maxExtraPeople"":0}}",NULL,"1","1",NULL,"disabled","1","0","0","0",NULL,NULL,"0","1",
"id","eventId","periodStart","periodEnd","zoomMeeting","lessonSpace","googleCalendarEventId","googleMeetUrl","outlookCalendarEventId","microsoftTeamsUrl","appleCalendarEventId"
"2","1","2025-12-19 19:00:00","2025-12-19 22:00:00",NULL,NULL,NULL,NULL,NULL,NULL,NULL
"3","2","2025-12-19 19:00:00","2025-12-19 22:00:00",NULL,NULL,NULL,NULL,NULL,NULL,NULL
"4","3","2025-12-19 19:00:00","2025-12-19 22:00:00",NULL,NULL,NULL,NULL,NULL,NULL,NULL
"5","4","2025-12-19 19:00:00","2025-12-19 22:00:00",NULL,NULL,NULL,NULL,NULL,NULL,NULL
"6","5","2025-12-19 19:00:00","2025-12-19 22:00:00",NULL,NULL,NULL,NULL,NULL,NULL,NULL
"7","6","2025-12-19 19:00:00","2025-12-19 22:00:00",NULL,NULL,NULL,NULL,NULL,NULL,NULL
"8","7","2025-12-19 19:00:00","2025-12-19 22:00:00",NULL,NULL,NULL,NULL,NULL,NULL,NULL
"9","8","2026-03-27 19:00:00","2026-03-27 22:00:00",NULL,NULL,NULL,NULL,NULL,NULL,NULL
"10","9","2026-03-27 19:00:00","2026-03-27 22:00:00",NULL,NULL,NULL,NULL,NULL,NULL,NULL
"11","10","2026-03-27 19:00:00","2026-03-27 22:00:00",NULL,NULL,NULL,NULL,NULL,NULL,NULL
"12","11","2026-03-27 19:00:00","2026-03-27 22:00:00",NULL,NULL,NULL,NULL,NULL,NULL,NULL
"13","12","2026-03-27 19:00:00","2026-03-27 22:00:00",NULL,NULL,NULL,NULL,NULL,NULL,NULL
"14","13","2026-03-27 19:00:00","2026-03-27 22:00:00",NULL,NULL,NULL,NULL,NULL,NULL,NULL
"15","14","2026-03-27 19:00:00","2026-03-27 22:00:00",NULL,NULL,NULL,NULL,NULL,NULL,NULL
"16","15","2026-03-27 19:00:00","2026-03-27 22:00:00",NULL,NULL,NULL,NULL,NULL,NULL,NULL
"17","16","2026-03-27 19:00:00","2026-03-27 22:00:00",NULL,NULL,NULL,NULL,NULL,NULL,NULL
"18","17","2026-03-27 19:00:00","2026-03-27 22:00:00",NULL,NULL,NULL,NULL,NULL,NULL,NULL
"19","18","2026-03-27 19:00:00","2026-03-27 22:00:00",NULL,NULL,NULL,NULL,NULL,NULL,NULL
"20","19","2026-03-27 19:00:00","2026-03-27 22:00:00",NULL,NULL,NULL,NULL,NULL,NULL,NULL
"21","20","2026-03-27 19:00:00","2026-03-27 22:00:00",NULL,NULL,NULL,NULL,NULL,NULL,NULL
"22","21","2026-03-27 19:00:00","2026-03-27 22:00:00",NULL,NULL,NULL,NULL,NULL,NULL,NULL
"23","22","2026-03-27 19:00:00","2026-03-27 22:00:00",NULL,NULL,NULL,NULL,NULL,NULL,NULL
"24","23","2026-03-27 19:00:00","2026-03-27 22:00:00",NULL,NULL,NULL,NULL,NULL,NULL,NULL
"25","24","2026-03-27 19:00:00","2026-03-27 22:00:00",NULL,NULL,NULL,NULL,NULL,NULL,NULL
"26","25","2026-03-27 19:00:00","2026-03-27 22:00:00",NULL,NULL,NULL,NULL,NULL,NULL,NULL
"27","26","2026-03-27 19:00:00","2026-03-27 22:00:00",NULL,NULL,NULL,NULL,NULL,NULL,NULL
"28","27","2026-03-27 19:00:00","2026-03-27 22:00:00",NULL,NULL,NULL,NULL,NULL,NULL,NULL
"29","28","2026-07-07 19:00:00","2026-07-07 22:00:00",NULL,NULL,NULL,NULL,NULL,NULL,NULL
"30","29","2026-07-07 19:00:00","2026-07-07 22:00:00",NULL,NULL,NULL,NULL,NULL,NULL,NULL
"31","30","2026-07-07 19:00:00","2026-07-07 22:00:00",NULL,NULL,NULL,NULL,NULL,NULL,NULL
"32","31","2026-07-07 19:00:00","2026-07-07 22:00:00",NULL,NULL,NULL,NULL,NULL,NULL,NULL
"33","32","2026-07-07 19:00:00","2026-07-07 22:00:00",NULL,NULL,NULL,NULL,NULL,NULL,NULL
"34","33","2026-07-07 19:00:00","2026-07-07 22:00:00",NULL,NULL,NULL,NULL,NULL,NULL,NULL
"35","34","2026-07-07 19:00:00","2026-07-07 22:00:00",NULL,NULL,NULL,NULL,NULL,NULL,NULL
"36","35","2026-07-07 19:00:00","2026-07-07 22:00:00",NULL,NULL,NULL,NULL,NULL,NULL,NULL
"37","36","2026-07-07 19:00:00","2026-07-07 22:00:00",NULL,NULL,NULL,NULL,NULL,NULL,NULL
"38","37","2026-07-07 19:00:00","2026-07-07 22:00:00",NULL,NULL,NULL,NULL,NULL,NULL,NULL
"39","38","2026-07-07 19:00:00","2026-07-07 22:00:00",NULL,NULL,NULL,NULL,NULL,NULL,NULL
"40","39","2026-07-07 19:00:00","2026-07-07 22:00:00",NULL,NULL,NULL,NULL,NULL,NULL,NULL
"41","40","2026-07-07 19:00:00","2026-07-07 22:00:00",NULL,NULL,NULL,NULL,NULL,NULL,NULL
"42","41","2026-07-07 19:00:00","2026-07-07 22:00:00",NULL,NULL,NULL,NULL,NULL,NULL,NULL
"43","42","2026-07-07 19:00:00","2026-07-07 22:00:00",NULL,NULL,NULL,NULL,NULL,NULL,NULL
"44","43","2026-07-07 19:00:00","2026-07-07 22:00:00",NULL,NULL,NULL,NULL,NULL,NULL,NULL
"45","44","2026-07-07 19:00:00","2026-07-07 22:00:00",NULL,NULL,NULL,NULL,NULL,NULL,NULL
"46","45","2026-07-07 19:00:00","2026-07-07 22:00:00",NULL,NULL,NULL,NULL,NULL,NULL,NULL
"47","46","2026-07-07 19:00:00","2026-07-07 22:00:00",NULL,NULL,NULL,NULL,NULL,NULL,NULL
"48","47","2026-07-07 19:00:00","2026-07-07 22:00:00",NULL,NULL,NULL,NULL,NULL,NULL,NULL
"49","48","2026-07-25 10:00:00","2026-07-25 10:30:00",NULL,NULL,NULL,NULL,NULL,NULL,NULL
"50","48","2026-07-25 11:00:00","2026-07-25 11:30:00",NULL,NULL,NULL,NULL,NULL,NULL,NULL
"51","48","2026-07-25 15:00:00","2026-07-25 15:30:00",NULL,NULL,NULL,NULL,NULL,NULL,NULL
"52","48","2026-07-25 16:30:00","2026-07-25 17:00:00",NULL,NULL,NULL,NULL,NULL,NULL,NULL
"53","49","2026-07-25 11:00:00","2026-07-25 11:30:00",NULL,NULL,NULL,NULL,NULL,NULL,NULL
"54","50","2026-07-25 10:00:00","2026-07-25 10:30:00",NULL,NULL,NULL,NULL,NULL,NULL,NULL
"55","51","2026-07-25 15:00:00","2026-07-25 15:30:00",NULL,NULL,NULL,NULL,NULL,NULL,NULL
"56","52","2026-07-25 16:30:00","2026-07-25 17:00:00",NULL,NULL,NULL,NULL,NULL,NULL,NULL
"57","53","2026-07-25 10:00:00","2026-07-25 10:30:00",NULL,NULL,NULL,NULL,NULL,NULL,NULL
"58","54","2026-07-25 11:00:00","2026-07-25 11:30:00",NULL,NULL,NULL,NULL,NULL,NULL,NULL
"59","55","2026-07-25 15:00:00","2026-07-25 15:30:00",NULL,NULL,NULL,NULL,NULL,NULL,NULL
"60","56","2026-07-25 16:30:00","2026-07-25 17:00:00",NULL,NULL,NULL,NULL,NULL,NULL,NULL
"id","eventId","name"
"id","eventId","enabled","name","price","dateRanges","spots","waitingListSpots","translations"
"id","resourceId","entityId","entityType"
"id","status","type","externalId","firstName","lastName","email","birthday","phone","gender","note","description","pictureFullPath","pictureThumbPath","password","usedTokens","zoomUserId","stripeConnect","countryPhoneIso","translations","customFields","timeZone","appleCalendarId","employeeAppleCalendar","badgeId","error","show"
"4","visible","customer","4","sam","mas","info@jirifai.com",NULL,NULL,NULL,NULL,NULL,NULL,NULL,NULL,NULL,NULL,NULL,"it","{""defaultLanguage"":""it_IT""}",NULL,NULL,NULL,NULL,NULL,,"1"
"6","visible","customer",NULL,"Paolo","Spanu","paolosu83@gmail.com",NULL,"+393400755310",NULL,NULL,NULL,NULL,NULL,NULL,NULL,NULL,NULL,"it","{""defaultLanguage"":""it_IT""}",NULL,NULL,NULL,NULL,NULL,,"1"
"7","visible","customer",NULL,"gb","piana","gbpianma67@gmail.com",NULL,"+393461866832",NULL,NULL,NULL,NULL,NULL,NULL,NULL,NULL,NULL,"it","{""defaultLanguage"":""it_IT""}",NULL,NULL,NULL,NULL,NULL,,"1"
"8","visible","customer",NULL,"samas","asasa","provacalagonone1@gmail.com",NULL,NULL,NULL,NULL,NULL,NULL,NULL,NULL,NULL,NULL,NULL,"it","{""defaultLanguage"":""it_IT""}",NULL,NULL,NULL,NULL,NULL,,"1"
"9","visible","customer",NULL,"Alessandro","Dadea","direttore@confesercentinuoro.it",NULL,"+393936325351",NULL,NULL,NULL,NULL,NULL,NULL,NULL,NULL,NULL,"it","{""defaultLanguage"":""it_IT""}",NULL,NULL,NULL,NULL,NULL,,"1"
"10","visible","customer",NULL,"Treer","Tre","gbpiana67@gmail.com",NULL,"+393461866835",NULL,NULL,NULL,NULL,NULL,NULL,NULL,NULL,NULL,"it","{""defaultLanguage"":""it_IT""}",NULL,NULL,NULL,NULL,NULL,,"1"
"11","visible","customer",NULL,"Salvatore","Poddi","salvpoddi@gmail.com",NULL,"+393292248233",NULL,NULL,NULL,NULL,NULL,NULL,NULL,NULL,NULL,"it","{""defaultLanguage"":""it_IT""}",NULL,NULL,NULL,NULL,NULL,,"1"
"12","visible","customer",NULL,"GIANMATTEO","USAI","gianmatteo08@hotmail.it",NULL,"+393491001554",NULL,NULL,NULL,NULL,NULL,NULL,NULL,NULL,NULL,"it","{""defaultLanguage"":""it_IT""}",NULL,NULL,NULL,NULL,NULL,,"1"
"13","visible","customer",NULL,"Fra","Orru","immobiliare.francescoorru@gmail.com",NULL,"+393926533324",NULL,NULL,NULL,NULL,NULL,NULL,NULL,NULL,NULL,"it","{""defaultLanguage"":""it_IT""}",NULL,NULL,NULL,NULL,NULL,,"1"
"14","visible","customer",NULL,"MARIO","MELE","mariomele@samarigosa.it",NULL,"+393486123262",NULL,NULL,NULL,NULL,NULL,NULL,NULL,NULL,NULL,"it","{""defaultLanguage"":""it_IT""}",NULL,NULL,NULL,NULL,NULL,,"1"
"15","visible","customer",NULL,"CRISTINA","SANNA","cristinaconfesercenti@gmail.com",NULL,"+393407148332",NULL,NULL,NULL,NULL,NULL,NULL,NULL,NULL,NULL,"it","{""defaultLanguage"":""it_IT""}",NULL,NULL,NULL,NULL,NULL,,"1"
"16","visible","customer",NULL,"carla","pilloni","comservice.or@gmail.com",NULL,"+393475745029",NULL,NULL,NULL,NULL,NULL,NULL,NULL,NULL,NULL,"it","{""defaultLanguage"":""it_IT""}",NULL,NULL,NULL,NULL,NULL,,"1"
"17","visible","customer",NULL,"renata","solinas","serviziconfesercenti@gmail.com",NULL,"+393407104981",NULL,NULL,NULL,NULL,NULL,NULL,NULL,NULL,NULL,"it","{""defaultLanguage"":""it_IT""}",NULL,NULL,NULL,NULL,NULL,,"1"
"18","visible","customer",NULL,"nicola","murru","direttore@confesercenticagliari.it",NULL,"+393470111295",NULL,NULL,NULL,NULL,NULL,NULL,NULL,NULL,NULL,"it","{""defaultLanguage"":""it_IT""}",NULL,NULL,NULL,NULL,NULL,,"1"
"19","visible","customer",NULL,"Valeria","Cau","valeriagabbiano@gmail.com",NULL,"+393701287755",NULL,NULL,NULL,NULL,NULL,NULL,NULL,NULL,NULL,"it","{""defaultLanguage"":""it_IT""}",NULL,NULL,NULL,NULL,NULL,,"1"
"20","visible","customer",NULL,"Giulio","Panett","pubbliscomm@gmail.com",NULL,"+393791035353",NULL,NULL,NULL,NULL,NULL,NULL,NULL,NULL,NULL,"it","{""defaultLanguage"":""it_IT""}",NULL,NULL,NULL,NULL,NULL,,"1"
"21","visible","customer",NULL,"Roberto","Pala","robertopala5518@tiscali.it",NULL,"+393460151324",NULL,NULL,NULL,NULL,NULL,NULL,NULL,NULL,NULL,"it","{""defaultLanguage"":""it_IT""}",NULL,NULL,NULL,NULL,NULL,,"1"
"22","visible","customer",NULL,"Silvia","Pala","silviapala05@hotmail.it",NULL,"+393483869821",NULL,NULL,NULL,NULL,NULL,NULL,NULL,NULL,NULL,"it","{""defaultLanguage"":""it_IT""}",NULL,NULL,NULL,NULL,NULL,,"1"
"23","visible","customer",NULL,"Gabriele","Sanna","bebonzio@yahoo.it",NULL,"+393289628920",NULL,NULL,NULL,NULL,NULL,NULL,NULL,NULL,NULL,"it","{""defaultLanguage"":""it_IT""}",NULL,NULL,NULL,NULL,NULL,,"1"
"24","visible","customer",NULL,"RITA","MASCIA","ritamascia3@gmail.com",NULL,"+393455882871",NULL,NULL,NULL,NULL,NULL,NULL,NULL,NULL,NULL,"it","{""defaultLanguage"":""it_IT""}",NULL,NULL,NULL,NULL,NULL,,"1"
"25","visible","customer",NULL,"Matteo","Pitzalis","matteopitzalis30@gmail.com",NULL,"+393791789022",NULL,NULL,NULL,NULL,NULL,NULL,NULL,NULL,NULL,"it","{""defaultLanguage"":""it_IT""}",NULL,NULL,NULL,NULL,NULL,,"1"
"26","visible","customer",NULL,"Lisa","Atzeni","lisatzeni435@gmail.com",NULL,"+393466706051",NULL,NULL,NULL,NULL,NULL,NULL,NULL,NULL,NULL,"it","{""defaultLanguage"":""it_IT""}",NULL,NULL,NULL,NULL,NULL,,"1"
"27","visible","customer",NULL,"Sofia","Spanu","sofiaspanu27@gmail.com",NULL,"+393533312597",NULL,NULL,NULL,NULL,NULL,NULL,NULL,NULL,NULL,"it","{""defaultLanguage"":""it_IT""}",NULL,NULL,NULL,NULL,NULL,,"1"
"28","visible","customer",NULL,"LUCA","SPANU","lukspanu@gmail.com",NULL,"+393284767914",NULL,NULL,NULL,NULL,NULL,NULL,NULL,NULL,NULL,"it","{""defaultLanguage"":""it_IT""}",NULL,NULL,NULL,NULL,NULL,,"1"
"29","visible","customer",NULL,"LUCIANA","ARIU","lucianaariu@yahoo.it",NULL,"+393473100848",NULL,NULL,NULL,NULL,NULL,NULL,NULL,NULL,NULL,"it","{""defaultLanguage"":""it_IT""}",NULL,NULL,NULL,NULL,NULL,,"1"
"30","visible","customer",NULL,"Gabriella","Zucca","mariagabriela.zucca@tiscali.it",NULL,"+393498323662",NULL,NULL,NULL,NULL,NULL,NULL,NULL,NULL,NULL,"it","{""defaultLanguage"":""it_IT""}",NULL,NULL,NULL,NULL,NULL,,"1"
"31","visible","customer",NULL,"Alberto","Urru","studioumbertosrl@gmail.com",NULL,"+393490805117",NULL,NULL,NULL,NULL,NULL,NULL,NULL,NULL,NULL,"it","{""defaultLanguage"":""it_IT""}",NULL,NULL,NULL,NULL,NULL,,"1"
"32","visible","customer",NULL,"Luca","Frau","cuccugiampiero91@gmail.com",NULL,"+393408220748",NULL,NULL,NULL,NULL,NULL,NULL,NULL,NULL,NULL,"it","{""defaultLanguage"":""it_IT""}",NULL,NULL,NULL,NULL,NULL,,"1"
"33","visible","customer",NULL,"Maurizio","Concu","mauri.concu@tiscali.it",NULL,"+393271606487",NULL,NULL,NULL,NULL,NULL,NULL,NULL,NULL,NULL,"it","{""defaultLanguage"":""it_IT""}",NULL,NULL,NULL,NULL,NULL,,"1"
"34","visible","customer",NULL,"Eleonora","Carrus","e.carrus2@gmail.com",NULL,"+3934940761530",NULL,NULL,NULL,NULL,NULL,NULL,NULL,NULL,NULL,"it","{""defaultLanguage"":""it_IT""}",NULL,NULL,NULL,NULL,NULL,,"1"
"35","visible","customer",NULL,"Andrea","Foddai","andreafoddai@gmail.com",NULL,"+393283748767",NULL,NULL,NULL,NULL,NULL,NULL,NULL,NULL,NULL,"it","{""defaultLanguage"":""it_IT""}",NULL,NULL,NULL,NULL,NULL,,"1"
"36","visible","customer",NULL,"Valeria","Zucca","valesamu15@gmail.com",NULL,"+393494340566",NULL,NULL,NULL,NULL,NULL,NULL,NULL,NULL,NULL,"it","{""defaultLanguage"":""it_IT""}",NULL,NULL,NULL,NULL,NULL,,"1"
"37","visible","customer",NULL,"Luca","Siddi","lucasiddi5@gmail.com",NULL,"+393405495892",NULL,NULL,NULL,NULL,NULL,NULL,NULL,NULL,NULL,"it","{""defaultLanguage"":""it_IT""}",NULL,NULL,NULL,NULL,NULL,,"1"
"38","visible","customer",NULL,"Alessandra","Caria","Alessandracaria.86@tiscali.it",NULL,"+393280894459",NULL,NULL,NULL,NULL,NULL,NULL,NULL,NULL,NULL,"it","{""defaultLanguage"":""it_IT""}",NULL,NULL,NULL,NULL,NULL,,"1"
"39","visible","customer",NULL,"Samuele","Caporale","caporalesamuele70@gmail.com",NULL,"+393921580916",NULL,NULL,NULL,NULL,NULL,NULL,NULL,NULL,NULL,"it","{""defaultLanguage"":""it_IT""}",NULL,NULL,NULL,NULL,NULL,,"1"
"40","visible","customer",NULL,"Romina","Pischedda","pischeddaromina75@gmail.com",NULL,"+393495089506",NULL,NULL,NULL,NULL,NULL,NULL,NULL,NULL,NULL,"it","{""defaultLanguage"":""it_IT""}",NULL,NULL,NULL,NULL,NULL,,"1"
"41","visible","customer",NULL,"Federico","Massa","massafederico89@gmail.com",NULL,"+393474897564",NULL,NULL,NULL,NULL,NULL,NULL,NULL,NULL,NULL,"it","{""defaultLanguage"":""it_IT""}",NULL,NULL,NULL,NULL,NULL,,"1"
"42","visible","customer",NULL,"Gabriele","Faedda","gabrieffe1017@gmail.com",NULL,"+393484098883",NULL,NULL,NULL,NULL,NULL,NULL,NULL,NULL,NULL,"it","{""defaultLanguage"":""it_IT""}",NULL,NULL,NULL,NULL,NULL,,"1"
"43","visible","customer",NULL,"Francesca","Caria","fra782009@live.it",NULL,"+393384353986",NULL,NULL,NULL,NULL,NULL,NULL,NULL,NULL,NULL,"it","{""defaultLanguage"":""it_IT""}",NULL,NULL,NULL,NULL,NULL,,"1"
"44","visible","customer",NULL,"Sabrina","Cossu","sabri.cossu@tiscali.it",NULL,"+393494546231",NULL,NULL,NULL,NULL,NULL,NULL,NULL,NULL,NULL,"it","{""defaultLanguage"":""it_IT""}",NULL,NULL,NULL,NULL,NULL,,"1"
"45","visible","customer",NULL,"Tommaso","Caporale","captommaso79@gmail.com",NULL,"+393884663589",NULL,NULL,NULL,NULL,NULL,NULL,NULL,NULL,NULL,"it","{""defaultLanguage"":""it_IT""}",NULL,NULL,NULL,NULL,NULL,,"1"
"46","visible","customer",NULL,"Giovanni","Nurra","nurra.gianni@libero.it",NULL,"+393281924587",NULL,NULL,NULL,NULL,NULL,NULL,NULL,NULL,NULL,"it","{""defaultLanguage"":""it_IT""}",NULL,NULL,NULL,NULL,NULL,,"1"
"47","visible","customer",NULL,"Mauro","Mura","lukspanu@tiscali.it",NULL,"+393497743442",NULL,NULL,NULL,NULL,NULL,NULL,NULL,NULL,NULL,"it","{""defaultLanguage"":""it_IT""}",NULL,NULL,NULL,NULL,NULL,,"1"
"48","visible","customer",NULL,"Alessio","Lochi","alessiolochi@hotmail.com",NULL,"+393934713710",NULL,NULL,NULL,NULL,NULL,NULL,NULL,NULL,NULL,"it","{""defaultLanguage"":""it_IT""}",NULL,NULL,NULL,NULL,NULL,,"1"
"49","visible","customer",NULL,"Ilaria","Putzu","ilariaputzuu@gmail.com",NULL,"+393450629526",NULL,NULL,NULL,NULL,NULL,NULL,NULL,NULL,NULL,"it","{""defaultLanguage"":""it_IT""}",NULL,NULL,NULL,NULL,NULL,,"1"
"50","visible","customer",NULL,"CESELLO","PUTZU","ceselloputzu@live.com",NULL,"+393484502403",NULL,NULL,NULL,NULL,NULL,NULL,NULL,NULL,NULL,"it","{""defaultLanguage"":""it_IT""}",NULL,NULL,NULL,NULL,NULL,,"1"
"51","visible","customer",NULL,"Alessio","Usai","usaialessio424@gmail.com",NULL,"+393518088233",NULL,NULL,NULL,NULL,NULL,NULL,NULL,NULL,NULL,"it","{""defaultLanguage"":""it_IT""}",NULL,NULL,NULL,NULL,NULL,,"1"
"52","visible","customer",NULL,"Maria Grazia","Vacca","marigrace754@gmail.com",NULL,"+393475176876",NULL,NULL,NULL,NULL,NULL,NULL,NULL,NULL,NULL,"it","{""defaultLanguage"":""it_IT""}",NULL,NULL,NULL,NULL,NULL,,"1"
"53","visible","customer",NULL,"Giusi","Irde","giusi.irde@gmail.com",NULL,"+393490959218",NULL,NULL,NULL,NULL,NULL,NULL,NULL,NULL,NULL,"it","{""defaultLanguage"":""it_IT""}",NULL,NULL,NULL,NULL,NULL,,"1"
"54","visible","customer",NULL,"Caterina","Capoccia","catecapo@tiscali.it",NULL,"+393471841600",NULL,NULL,NULL,NULL,NULL,NULL,NULL,NULL,NULL,"it","{""defaultLanguage"":""it_IT""}",NULL,NULL,NULL,NULL,NULL,,"1"
"55","visible","customer",NULL,"Giuliana","Talia","rosimbu@tiscali.it",NULL,"+393285334700",NULL,NULL,NULL,NULL,NULL,NULL,NULL,NULL,NULL,"it","{""defaultLanguage"":""it_IT""}",NULL,NULL,NULL,NULL,NULL,,"1"
"56","visible","customer",NULL,"Roberto","Camedda","roberto.camedda@outlook.it",NULL,"+39337819102",NULL,NULL,NULL,NULL,NULL,NULL,NULL,NULL,NULL,"it","{""defaultLanguage"":""it_IT""}",NULL,NULL,NULL,NULL,NULL,,"1"
"57","visible","customer",NULL,"Martina","Casula","martina.casula89@gmail.com",NULL,"+393791313910",NULL,NULL,NULL,NULL,NULL,NULL,NULL,NULL,NULL,"it","{""defaultLanguage"":""it_IT""}",NULL,NULL,NULL,NULL,NULL,,"1"
"58","visible","customer",NULL,"CHRISTIAN","SULIS","chrysulis@gmail.com",NULL,"+393408359863",NULL,NULL,NULL,NULL,NULL,NULL,NULL,NULL,NULL,"it","{""defaultLanguage"":""it_IT""}",NULL,NULL,NULL,NULL,NULL,,"1"
"59","visible","customer",NULL,"Marco","Cominu","mrccominu@gmail.com",NULL,"+393459623875",NULL,NULL,NULL,NULL,NULL,NULL,NULL,NULL,NULL,"it","{""defaultLanguage"":""it_IT""}",NULL,NULL,NULL,NULL,NULL,,"1"
"60","visible","customer",NULL,"Donatella","Putzu","dona.putzu@gmail.com",NULL,"+393355644924",NULL,NULL,NULL,NULL,NULL,NULL,NULL,NULL,NULL,"it","{""defaultLanguage"":""it_IT""}",NULL,NULL,NULL,NULL,NULL,,"1"
"61","visible","customer",NULL,"Marcella","Piredda","marcellapiredda65@gmail.com",NULL,"+393407196378",NULL,NULL,NULL,NULL,NULL,NULL,NULL,NULL,NULL,"it","{""defaultLanguage"":""it_IT""}",NULL,NULL,NULL,NULL,NULL,,"1"
"62","visible","customer",NULL,"Gabriele","Pisanu","gabrielepisanu15@gmail.com",NULL,NULL,NULL,NULL,NULL,NULL,NULL,NULL,NULL,NULL,NULL,"it","{""defaultLanguage"":""it_IT""}",NULL,NULL,NULL,NULL,NULL,,"1"
"63","visible","customer",NULL,"Angelo","Pisanu","patronato.maconer@tiscali.it",NULL,NULL,NULL,NULL,NULL,NULL,NULL,NULL,NULL,NULL,NULL,"it","{""defaultLanguage"":""it_IT""}",NULL,NULL,NULL,NULL,NULL,,"1"
"64","visible","customer",NULL,"Matteo","Scanu","matteoscanu90@live.it",NULL,NULL,NULL,NULL,NULL,NULL,NULL,NULL,NULL,NULL,NULL,"it","{""defaultLanguage"":""it_IT""}",NULL,NULL,NULL,NULL,NULL,,"1"
"65","visible","customer",NULL,"IVANA","SARDARA","virgo5877@gmail.com",NULL,"+393713880659",NULL,NULL,NULL,NULL,NULL,NULL,NULL,NULL,NULL,"it","{""defaultLanguage"":""it_IT""}",NULL,NULL,NULL,NULL,NULL,,"1"
"66","visible","customer",NULL,"Lobina","Mirella","mirella.lobina@tiscali.it",NULL,NULL,NULL,NULL,NULL,NULL,NULL,NULL,NULL,NULL,NULL,"it","{""defaultLanguage"":""it_IT""}",NULL,NULL,NULL,NULL,NULL,,"1"
"67","visible","customer",NULL,"Giorgio","Ladu","giorgioladu1@gmail.com",NULL,"+393497706978",NULL,NULL,NULL,NULL,NULL,NULL,NULL,NULL,NULL,"it","{""defaultLanguage"":""it_IT""}",NULL,NULL,NULL,NULL,NULL,,"1"
"68","visible","customer",NULL,"Francesca","Nieddu","fra.nieddu72@hotmail.it",NULL,"+393803907871",NULL,NULL,NULL,NULL,NULL,NULL,NULL,NULL,NULL,"it","{""defaultLanguage"":""it_IT""}",NULL,NULL,NULL,NULL,NULL,,"1"
"69","visible","customer",NULL,"Laura","Gagliotta","lauragagliotta@gmail.com",NULL,"+393480893651",NULL,NULL,NULL,NULL,NULL,NULL,NULL,NULL,NULL,"it","{""defaultLanguage"":""it_IT""}",NULL,NULL,NULL,NULL,NULL,,"1"
"70","visible","customer",NULL,"Gabriele","Cruciani","gabriele.cruciani2@yahoo.com",NULL,NULL,NULL,NULL,NULL,NULL,NULL,NULL,NULL,NULL,NULL,"it","{""defaultLanguage"":""it_IT""}",NULL,NULL,NULL,NULL,NULL,,"1"
"71","visible","customer",NULL,"Daniele","Zoccheddu","danielezoccheddu@gmail.com",NULL,"+393407895091",NULL,NULL,NULL,NULL,NULL,NULL,NULL,NULL,NULL,"it","{""defaultLanguage"":""it_IT""}",NULL,NULL,NULL,NULL,NULL,,"1"
"72","visible","customer",NULL,"Simone","Angius","simoneangius96@gmail.com",NULL,"+393481351688",NULL,NULL,NULL,NULL,NULL,NULL,NULL,NULL,NULL,"it","{""defaultLanguage"":""it_IT""}",NULL,NULL,NULL,NULL,NULL,,"1"
"73","visible","customer",NULL,"Alessandra","Urru","mercedesalex66@gmail.com",NULL,"+393400087375",NULL,NULL,NULL,NULL,NULL,NULL,NULL,NULL,NULL,"it","{""defaultLanguage"":""it_IT""}",NULL,NULL,NULL,NULL,NULL,,"1"
"74","visible","customer",NULL,"Monica","Manca","monymanca@tiscali.it",NULL,"+393404974281",NULL,NULL,NULL,NULL,NULL,NULL,NULL,NULL,NULL,"it","{""defaultLanguage"":""it_IT""}",NULL,NULL,NULL,NULL,NULL,,"1"
"75","visible","customer",NULL,"Noemi","Piras","noemipiras1999@gmail.com",NULL,"+393519834600",NULL,NULL,NULL,NULL,NULL,NULL,NULL,NULL,NULL,"it","{""defaultLanguage"":""it_IT""}",NULL,NULL,NULL,NULL,NULL,,"1"
"76","visible","customer",NULL,"Antonello","Urrai","laroccarosy064@gmail.com",NULL,"+393489555948",NULL,NULL,NULL,NULL,NULL,NULL,NULL,NULL,NULL,"it","{""defaultLanguage"":""it_IT""}",NULL,NULL,NULL,NULL,NULL,,"1"
"77","visible","customer",NULL,"Roberta","Orru'","roberta.orru72@tiscali.it",NULL,"+393293628176",NULL,NULL,NULL,NULL,NULL,NULL,NULL,NULL,NULL,"it","{""defaultLanguage"":""it_IT""}",NULL,NULL,NULL,NULL,NULL,,"1"
"78","visible","customer",NULL,"Bonaria","Piras","bo.piras@tiscali.it",NULL,"+393408263705",NULL,NULL,NULL,NULL,NULL,NULL,NULL,NULL,NULL,"it","{""defaultLanguage"":""it_IT""}",NULL,NULL,NULL,NULL,NULL,,"1"
"79","visible","customer",NULL,"Danilo","Muggianu","muggianu@tiscali.it",NULL,"+393493751807",NULL,NULL,NULL,NULL,NULL,NULL,NULL,NULL,NULL,"it","{""defaultLanguage"":""it_IT""}",NULL,NULL,NULL,NULL,NULL,,"1"
"80","visible","customer",NULL,"Nicolò","Orrù","orru.nicolo97@gmail.com",NULL,"+393489978626",NULL,NULL,NULL,NULL,NULL,NULL,NULL,NULL,NULL,"it","{""defaultLanguage"":""it_IT""}",NULL,NULL,NULL,NULL,NULL,,"1"
"81","visible","customer",NULL,"Federico","Alterio","fede.alterio1@gmail.com",NULL,"+393518029226",NULL,NULL,NULL,NULL,NULL,NULL,NULL,NULL,NULL,"it","{""defaultLanguage"":""it_IT""}",NULL,NULL,NULL,NULL,NULL,,"1"
"82","visible","customer",NULL,"Giuseppe","Mellai","giuseppe.mellai@tiscali.it",NULL,"+393495947035",NULL,NULL,NULL,NULL,NULL,NULL,NULL,NULL,NULL,"it","{""defaultLanguage"":""it_IT""}",NULL,NULL,NULL,NULL,NULL,,"1"
"83","visible","customer",NULL,"Alessandro","Vargiu","alevargiu0409@gmail.com",NULL,"+393481722781",NULL,NULL,NULL,NULL,NULL,NULL,NULL,NULL,NULL,"it","{""defaultLanguage"":""it_IT""}",NULL,NULL,NULL,NULL,NULL,,"1"
"84","visible","customer",NULL,"Antonio","Demuru","antoniodemuru07@gmail.com",NULL,"+393457871794",NULL,NULL,NULL,NULL,NULL,NULL,NULL,NULL,NULL,"it","{""defaultLanguage"":""it_IT""}",NULL,NULL,NULL,NULL,NULL,,"1"
"85","visible","customer",NULL,"Giorgio","Santona","santonagiorgio@gmail.com",NULL,"+393716851303",NULL,NULL,NULL,NULL,NULL,NULL,NULL,NULL,NULL,"it","{""defaultLanguage"":""it_IT""}",NULL,NULL,NULL,NULL,NULL,,"1"
"86","visible","customer",NULL,"Gabriele Alfredo","Denti","gabrieledenti41@gmail.com",NULL,"+393331104927",NULL,NULL,NULL,NULL,NULL,NULL,NULL,NULL,NULL,"it","{""defaultLanguage"":""it_IT""}",NULL,NULL,NULL,NULL,NULL,,"1"
"87","visible","customer",NULL,"bordignon","alessandro","bordixalex94@gmail.com",NULL,"+393442589748",NULL,NULL,NULL,NULL,NULL,NULL,NULL,NULL,NULL,"it","{""defaultLanguage"":""it_IT""}",NULL,NULL,NULL,NULL,NULL,,"1"
"88","visible","customer",NULL,"Mattia","Piras","mattiaapiras@gmail.com",NULL,"+393467472284",NULL,NULL,NULL,NULL,NULL,NULL,NULL,NULL,NULL,"it","{""defaultLanguage"":""it_IT""}",NULL,NULL,NULL,NULL,NULL,,"1"
"89","visible","customer",NULL,"Fabiola","Zuddas","faby2093@yahoo.it",NULL,"+393791204616",NULL,NULL,NULL,NULL,NULL,NULL,NULL,NULL,NULL,"it","{""defaultLanguage"":""it_IT""}",NULL,NULL,NULL,NULL,NULL,,"1"
"90","visible","customer",NULL,"Jessica","Maccioni","jessicamaccioni1@gmail.com",NULL,"+393891075357",NULL,NULL,NULL,NULL,NULL,NULL,NULL,NULL,NULL,"it","{""defaultLanguage"":""it_IT""}",NULL,NULL,NULL,NULL,NULL,,"1"
"91","visible","customer",NULL,"Luca","Sivo","luka993@hotmail.it",NULL,"+393402965542",NULL,NULL,NULL,NULL,NULL,NULL,NULL,NULL,NULL,"it","{""defaultLanguage"":""it_IT""}",NULL,NULL,NULL,NULL,NULL,,"1"
"92","visible","customer",NULL,"Elisabetta","Zancudi","zancudi.elisabetta@libero.it",NULL,"+393270774662",NULL,NULL,NULL,NULL,NULL,NULL,NULL,NULL,NULL,"it","{""defaultLanguage"":""it_IT""}",NULL,NULL,NULL,NULL,NULL,,"1"
"93","visible","customer",NULL,"Valeria","Sanna","valeria.bestiris@tiscali.it",NULL,"+393332447234",NULL,NULL,NULL,NULL,NULL,NULL,NULL,NULL,NULL,"it","{""defaultLanguage"":""it_IT""}",NULL,NULL,NULL,NULL,NULL,,"1"
"94","visible","customer",NULL,"Gianmario","Sedda","gianmariosedda55@gmail.com",NULL,"+393465136259",NULL,NULL,NULL,NULL,NULL,NULL,NULL,NULL,NULL,"it","{""defaultLanguage"":""it_IT""}",NULL,NULL,NULL,NULL,NULL,,"1"
"95","visible","customer",NULL,"angelo","pisanu","gabriele-pisanu@alice.it",NULL,NULL,NULL,NULL,NULL,NULL,NULL,NULL,NULL,NULL,NULL,"it","{""defaultLanguage"":""it_IT""}",NULL,NULL,NULL,NULL,NULL,,"1"
"96","visible","customer",NULL,"tiziana","murru","macomer@confesercentinuoro.it",NULL,NULL,NULL,NULL,NULL,NULL,NULL,NULL,NULL,NULL,NULL,"it","{""defaultLanguage"":""it_IT""}",NULL,NULL,NULL,NULL,NULL,,"1"
"97","visible","customer",NULL,"gabriele","pisanu","gabrielepisanu@hotmail.com",NULL,NULL,NULL,NULL,NULL,NULL,NULL,NULL,NULL,NULL,NULL,"it","{""defaultLanguage"":""it_IT""}",NULL,NULL,NULL,NULL,NULL,,"1"
"98","visible","customer",NULL,"Nicolo","Spanu","nicolospanu1604@gmail.com",NULL,"+393518883340",NULL,NULL,NULL,NULL,NULL,NULL,NULL,NULL,NULL,"it","{""defaultLanguage"":""it_IT""}",NULL,NULL,NULL,NULL,NULL,,"1"
"99","visible","customer",NULL,"Paola","Madeddu","pinkmoon28@yahoo.com",NULL,"+393483620033",NULL,NULL,NULL,NULL,NULL,NULL,NULL,NULL,NULL,"it","{""defaultLanguage"":""it_IT""}",NULL,NULL,NULL,NULL,NULL,,"1"
"100","visible","customer",NULL,"Maria Rimedia","Sanna","mimmisanna@gmail.com",NULL,"+393405314420",NULL,NULL,NULL,NULL,NULL,NULL,NULL,NULL,NULL,"it","{""defaultLanguage"":""it_IT""}",NULL,NULL,NULL,NULL,NULL,,"1"
"101","visible","customer",NULL,"Mariangela","Nieddu","mariangelanieddu5@gmail.com",NULL,"+393450356255",NULL,NULL,NULL,NULL,NULL,NULL,NULL,NULL,NULL,"it","{""defaultLanguage"":""it_IT""}",NULL,NULL,NULL,NULL,NULL,,"1"
"102","visible","customer",NULL,"Francesco","Cellini","francidecellio@gmail.com",NULL,"+393920556899",NULL,NULL,NULL,NULL,NULL,NULL,NULL,NULL,NULL,"it","{""defaultLanguage"":""it_IT""}",NULL,NULL,NULL,NULL,NULL,,"1"
"103","visible","customer",NULL,"Raimondo","Nasone","raimondo.nasone@gmial.com",NULL,"+393406859540",NULL,NULL,NULL,NULL,NULL,NULL,NULL,NULL,NULL,"it","{""defaultLanguage"":""it_IT""}",NULL,NULL,NULL,NULL,NULL,,"1"
"104","visible","customer",NULL,"Matteo","spano","Mattsspa05@gmail.com",NULL,"+393429577659",NULL,NULL,NULL,NULL,NULL,NULL,NULL,NULL,NULL,"it","{""defaultLanguage"":""it_IT""}",NULL,NULL,NULL,NULL,NULL,,"1"
"105","visible","customer",NULL,"Anna","Murtas","anna.mur49@tiscali.it",NULL,"+393500106569",NULL,NULL,NULL,NULL,NULL,NULL,NULL,NULL,NULL,"it","{""defaultLanguage"":""it_IT""}",NULL,NULL,NULL,NULL,NULL,,"1"
"106","visible","customer",NULL,"Alessia","Sedda","alessiasedda6@gmail.com",NULL,"+393347482357",NULL,NULL,NULL,NULL,NULL,NULL,NULL,NULL,NULL,"it","{""defaultLanguage"":""it_IT""}",NULL,NULL,NULL,NULL,NULL,,"1"
"107","visible","customer",NULL,"Maurizio","Bilancetta","m.bilanc31@gmail.com",NULL,"+393791848987",NULL,NULL,NULL,NULL,NULL,NULL,NULL,NULL,NULL,"it","{""defaultLanguage"":""it_IT""}",NULL,NULL,NULL,NULL,NULL,,"1"
"108","visible","customer",NULL,"gabriele","cossu","gabrycossu00@gmail.com",NULL,"+393519325729",NULL,NULL,NULL,NULL,NULL,NULL,NULL,NULL,NULL,"it","{""defaultLanguage"":""it_IT""}",NULL,NULL,NULL,NULL,NULL,,"1"
"109","visible","customer",NULL,"Michele","Nonnis","michelenonnis84@gmail.com",NULL,"+393495919669",NULL,NULL,NULL,NULL,NULL,NULL,NULL,NULL,NULL,"it","{""defaultLanguage"":""it_IT""}",NULL,NULL,NULL,NULL,NULL,,"1"
"110","visible","customer",NULL,"Annalisa","Torchia","annalisa.torchia@gmail.com",NULL,"+393475594771",NULL,NULL,NULL,NULL,NULL,NULL,NULL,NULL,NULL,"it","{""defaultLanguage"":""it_IT""}",NULL,NULL,NULL,NULL,NULL,,"1"
"111","visible","customer",NULL,"Carlo","Sechi","dr.carlohouse@gmail.com",NULL,"+393936966357",NULL,NULL,NULL,NULL,NULL,NULL,NULL,NULL,NULL,"it","{""defaultLanguage"":""it_IT""}",NULL,NULL,NULL,NULL,NULL,,"1"
"112","visible","customer",NULL,"Tiziana","Boeddu","tizianaboeddu07@gmail.com",NULL,"+393470668136",NULL,NULL,NULL,NULL,NULL,NULL,NULL,NULL,NULL,"it","{""defaultLanguage"":""it_IT""}",NULL,NULL,NULL,NULL,NULL,,"1"
"113","visible","customer",NULL,"Sara","Armas","armas.sara@gmail.com",NULL,"+393487231209",NULL,NULL,NULL,NULL,NULL,NULL,NULL,NULL,NULL,"it","{""defaultLanguage"":""it_IT""}",NULL,NULL,NULL,NULL,NULL,,"1"
"114","visible","customer",NULL,"Marco","Porcu","marcoporcu1986.mp@gmail.com",NULL,"+393490585906",NULL,NULL,NULL,NULL,NULL,NULL,NULL,NULL,NULL,"it","{""defaultLanguage"":""it_IT""}",NULL,NULL,NULL,NULL,NULL,,"1"
"115","visible","customer",NULL,"Lorenzo","Fadda","lorenzofadda@gmail.com",NULL,"+393463382228",NULL,NULL,NULL,NULL,NULL,NULL,NULL,NULL,NULL,"it","{""defaultLanguage"":""it_IT""}",NULL,NULL,NULL,NULL,NULL,,"1"
"116","visible","customer",NULL,"Federica","Pirwdda","fede.flo.lamu@tiscali.it",NULL,NULL,NULL,NULL,NULL,NULL,NULL,NULL,NULL,NULL,NULL,"it","{""defaultLanguage"":""it_IT""}",NULL,NULL,NULL,NULL,NULL,,"1"
"117","visible","customer",NULL,"Alessandra","Cau","caualessandra07@gmail.com",NULL,"+393289792445",NULL,NULL,NULL,NULL,NULL,NULL,NULL,NULL,NULL,"it","{""defaultLanguage"":""it_IT""}",NULL,NULL,NULL,NULL,NULL,,"1"
"118","visible","customer",NULL,"Valentina","ibba","ibbavalentina@gmail.com",NULL,"+393286118691",NULL,NULL,NULL,NULL,NULL,NULL,NULL,NULL,NULL,"it","{""defaultLanguage"":""it_IT""}",NULL,NULL,NULL,NULL,NULL,,"1"
"119","visible","customer",NULL,"Roberta","Esu","robis-@live.it",NULL,"+393475140920",NULL,NULL,NULL,NULL,NULL,NULL,NULL,NULL,NULL,"it","{""defaultLanguage"":""it_IT""}",NULL,NULL,NULL,NULL,NULL,,"1"
"120","visible","customer",NULL,"Melissa","Serra","melissaserra2002@icloud.com",NULL,"+393792254614",NULL,NULL,NULL,NULL,NULL,NULL,NULL,NULL,NULL,"it","{""defaultLanguage"":""it_IT""}",NULL,NULL,NULL,NULL,NULL,,"1"
"121","visible","customer",NULL,"Stefania","Manca","stefymanca@alice.it",NULL,NULL,NULL,NULL,NULL,NULL,NULL,NULL,NULL,NULL,NULL,"it","{""defaultLanguage"":""it_IT""}",NULL,NULL,NULL,NULL,NULL,,"1"
"122","visible","customer",NULL,"Carlo","Casula","carlocasula85@gmail.com",NULL,"+393492586597",NULL,NULL,NULL,NULL,NULL,NULL,NULL,NULL,NULL,"it","{""defaultLanguage"":""it_IT""}",NULL,NULL,NULL,NULL,NULL,,"1"
"123","visible","customer",NULL,"Gabriele","Rocchini","gabriele@domoachenza.it",NULL,"+393334746586",NULL,NULL,NULL,NULL,NULL,NULL,NULL,NULL,NULL,"it","{""defaultLanguage"":""it_IT""}",NULL,NULL,NULL,NULL,NULL,,"1"
"124","visible","customer",NULL,"Arianna","Murgia","arianna.murgia80@gmail.com",NULL,"+393470927168",NULL,NULL,NULL,NULL,NULL,NULL,NULL,NULL,NULL,"it","{""defaultLanguage"":""it_IT""}",NULL,NULL,NULL,NULL,NULL,,"1"
"125","visible","customer",NULL,"Rossella","Manias","rossellamanias@yahoo.it",NULL,"+393401478355",NULL,NULL,NULL,NULL,NULL,NULL,NULL,NULL,NULL,"it","{""defaultLanguage"":""it_IT""}",NULL,NULL,NULL,NULL,NULL,,"1"
"126","visible","customer",NULL,"Salvatore","Boi","miggy1@inwind.it",NULL,"+393277150993",NULL,NULL,NULL,NULL,NULL,NULL,NULL,NULL,NULL,"it","{""defaultLanguage"":""it_IT""}",NULL,NULL,NULL,NULL,NULL,,"1"
"127","visible","customer",NULL,"Danilo","Piras","danilopiras97@gmail.com",NULL,"+393487384035",NULL,NULL,NULL,NULL,NULL,NULL,NULL,NULL,NULL,"it","{""defaultLanguage"":""it_IT""}",NULL,NULL,NULL,NULL,NULL,,"1"
"128","visible","customer",NULL,"Michele","Loddo","michele.loddo14@gmail.com",NULL,"+393351301860",NULL,NULL,NULL,NULL,NULL,NULL,NULL,NULL,NULL,"it","{""defaultLanguage"":""it_IT""}",NULL,NULL,NULL,NULL,NULL,,"1"
"129","visible","customer",NULL,"Lucia","Camedda","luciacamedda@gmail.com",NULL,"+393202733799",NULL,NULL,NULL,NULL,NULL,NULL,NULL,NULL,NULL,"it","{""defaultLanguage"":""it_IT""}",NULL,NULL,NULL,NULL,NULL,,"1"
"130","visible","customer",NULL,"Imbenia","Sias","imbe.sias@gmail.com",NULL,"+393420048669",NULL,NULL,NULL,NULL,NULL,NULL,NULL,NULL,NULL,"it","{""defaultLanguage"":""it_IT""}",NULL,NULL,NULL,NULL,NULL,,"1"
"131","visible","customer",NULL,"Simona","Serra","simonaserra1969@tiscali.it",NULL,"+393287173713",NULL,NULL,NULL,NULL,NULL,NULL,NULL,NULL,NULL,"it","{""defaultLanguage"":""it_IT""}",NULL,NULL,NULL,NULL,NULL,,"1"
"132","visible","customer",NULL,"Gian Marco","Serra","gianmarcoserra6@gmail.com",NULL,"+393474533094",NULL,NULL,NULL,NULL,NULL,NULL,NULL,NULL,NULL,"it","{""defaultLanguage"":""it_IT""}",NULL,NULL,NULL,NULL,NULL,,"1"
"133","visible","customer",NULL,"Luigia","Cara","luigia.cara65@gmail.com",NULL,"+393471193904",NULL,NULL,NULL,NULL,NULL,NULL,NULL,NULL,NULL,"it","{""defaultLanguage"":""it_IT""}",NULL,NULL,NULL,NULL,NULL,,"1"
"134","visible","customer",NULL,"Marcello","Giongo","marce.giongo@virgilio.it",NULL,"+393336195220",NULL,NULL,NULL,NULL,NULL,NULL,NULL,NULL,NULL,"it","{""defaultLanguage"":""it_IT""}",NULL,NULL,NULL,NULL,NULL,,"1"
"135","visible","customer",NULL,"Mario","Piana","mario.piana@gmail.com",NULL,NULL,NULL,NULL,NULL,NULL,NULL,NULL,NULL,NULL,NULL,"it","{""defaultLanguage"":""it_IT""}",NULL,NULL,NULL,NULL,NULL,,"1"
"136","visible","customer",NULL,"Anna Laura","Giongo","giongoannalaura.21@virgilio.it",NULL,NULL,NULL,NULL,NULL,NULL,NULL,NULL,NULL,NULL,NULL,"it","{""defaultLanguage"":""it_IT""}",NULL,NULL,NULL,NULL,NULL,,"1"
"137","visible","customer",NULL,"Alessandra","Marras","alexisares1988@gmail.com",NULL,NULL,NULL,NULL,NULL,NULL,NULL,NULL,NULL,NULL,NULL,"it","{""defaultLanguage"":""it_IT""}",NULL,NULL,NULL,NULL,NULL,,"1"
"138","visible","customer",NULL,"Roberta","Pontis","robertapontis35@gmail.com",NULL,"+393493221020",NULL,NULL,NULL,NULL,NULL,NULL,NULL,NULL,NULL,"it","{""defaultLanguage"":""it_IT""}",NULL,NULL,NULL,NULL,NULL,,"1"
"139","visible","customer",NULL,"Cristina","Biddau","cristina.biddau@yahoo.it",NULL,"+39348574867",NULL,NULL,NULL,NULL,NULL,NULL,NULL,NULL,NULL,"it","{""defaultLanguage"":""it_IT""}",NULL,NULL,NULL,NULL,NULL,,"1"
"140","visible","customer",NULL,"Antonella","Murgia","antonellamurgia1978@gmail.com",NULL,"+39 347 013 4472",NULL,NULL,NULL,NULL,NULL,NULL,NULL,NULL,NULL,"it","{""defaultLanguage"":""it_IT""}",NULL,NULL,NULL,NULL,NULL,,"1"
"141","visible","customer",NULL,"Matilde","Nasone","matilde.nas24@gmail.com",NULL,"+393406901737",NULL,NULL,NULL,NULL,NULL,NULL,NULL,NULL,NULL,"it","{""defaultLanguage"":""it_IT""}",NULL,NULL,NULL,NULL,NULL,,"1"
"142","visible","customer",NULL,"Lidia","Loddo","loddolidia5@gmail.com",NULL,NULL,NULL,NULL,NULL,NULL,NULL,NULL,NULL,NULL,NULL,"it","{""defaultLanguage"":""it_IT""}",NULL,NULL,NULL,NULL,NULL,,"1"
"143","visible","customer",NULL,"Anna","Madeddu","annamadeddu@gmail.com",NULL,"+393450620222",NULL,NULL,NULL,NULL,NULL,NULL,NULL,NULL,NULL,"it","{""defaultLanguage"":""it_IT""}",NULL,NULL,NULL,NULL,NULL,,"1"
"144","visible","customer",NULL,"Emanuele","Virdis","emanuelevirdis@gmail.com",NULL,"+393289591102",NULL,NULL,NULL,NULL,NULL,NULL,NULL,NULL,NULL,"it","{""defaultLanguage"":""it_IT""}",NULL,NULL,NULL,NULL,NULL,,"1"
"145","visible","customer",NULL,"Francesca","Salaris","francesca.m.salaris@outlook.it",NULL,"+393498837475",NULL,NULL,NULL,NULL,NULL,NULL,NULL,NULL,NULL,"it","{""defaultLanguage"":""it_IT""}",NULL,NULL,NULL,NULL,NULL,,"1"
"146","visible","customer",NULL,"Elena","Ponti","ponti.elena02@gmail.com",NULL,"+393892183169",NULL,NULL,NULL,NULL,NULL,NULL,NULL,NULL,NULL,"it","{""defaultLanguage"":""it_IT""}",NULL,NULL,NULL,NULL,NULL,,"1"
"147","visible","customer",NULL,"Rita","Marras","gral56@libero.it",NULL,"+393271771923",NULL,NULL,NULL,NULL,NULL,NULL,NULL,NULL,NULL,"it","{""defaultLanguage"":""it_IT""}",NULL,NULL,NULL,NULL,NULL,,"1"
"148","visible","customer",NULL,"Luca","Pala","thamis@hotmail.it",NULL,"+393920173583",NULL,NULL,NULL,NULL,NULL,NULL,NULL,NULL,NULL,"it","{""defaultLanguage"":""it_IT""}",NULL,NULL,NULL,NULL,NULL,,"1"
"149","visible","customer",NULL,"Antonio","Carta","antonello@creass.it",NULL,"+393664950033",NULL,NULL,NULL,NULL,NULL,NULL,NULL,NULL,NULL,"it","{""defaultLanguage"":""it_IT""}",NULL,NULL,NULL,NULL,NULL,,"1"
"150","visible","customer",NULL,"Valentina","Guida","valentinaguida97@gmail.com",NULL,NULL,NULL,NULL,NULL,NULL,NULL,NULL,NULL,NULL,NULL,"it","{""defaultLanguage"":""it_IT""}",NULL,NULL,NULL,NULL,NULL,,"1"
"151","visible","customer",NULL,"Luca","Sanna","sannaluca435@gmail.com",NULL,"+393662746129",NULL,NULL,NULL,NULL,NULL,NULL,NULL,NULL,NULL,"it","{""defaultLanguage"":""it_IT""}",NULL,NULL,NULL,NULL,NULL,,"1"
"152","visible","customer",NULL,"Franca","Serra","francaserra175@gmail.com",NULL,"+393482505854",NULL,NULL,NULL,NULL,NULL,NULL,NULL,NULL,NULL,"it","{""defaultLanguage"":""it_IT""}",NULL,NULL,NULL,NULL,NULL,,"1"
"153","visible","customer",NULL,"Cristiana","Ortu","kristianaortu@tiscali.it",NULL,"+393486809336",NULL,NULL,NULL,NULL,NULL,NULL,NULL,NULL,NULL,"it","{""defaultLanguage"":""it_IT""}",NULL,NULL,NULL,NULL,NULL,,"1"
"154","visible","customer",NULL,"Leonardo","Torluccio","leonardotorluccio88@gmail.com",NULL,"+393276582641",NULL,NULL,NULL,NULL,NULL,NULL,NULL,NULL,NULL,"it","{""defaultLanguage"":""it_IT""}",NULL,NULL,NULL,NULL,NULL,,"1"
"155","visible","customer",NULL,"GIOVANNIN","TETTA","tettag@tiscali.it",NULL,"+393929967501",NULL,NULL,NULL,NULL,NULL,NULL,NULL,NULL,NULL,"it","{""defaultLanguage"":""it_IT""}",NULL,NULL,NULL,NULL,NULL,,"1"
"156","visible","customer",NULL,"Gabriele","Torluccio","diesel80ts@yahoo.it",NULL,"+393493760864",NULL,NULL,NULL,NULL,NULL,NULL,NULL,NULL,NULL,"it","{""defaultLanguage"":""it_IT""}",NULL,NULL,NULL,NULL,NULL,,"1"
"157","visible","customer",NULL,"Angela","Bacciu","bacciuangela@libero.it",NULL,"+393477256278",NULL,NULL,NULL,NULL,NULL,NULL,NULL,NULL,NULL,"it","{""defaultLanguage"":""it_IT""}",NULL,NULL,NULL,NULL,NULL,,"1"
"158","visible","customer",NULL,"Geanina","Bratu","geanina16bratu@gmail.com",NULL,"+393384630777",NULL,NULL,NULL,NULL,NULL,NULL,NULL,NULL,NULL,"it","{""defaultLanguage"":""it_IT""}",NULL,NULL,NULL,NULL,NULL,,"1"
"159","visible","customer",NULL,"Roberta","Regoli","roby.regoli@yahoo.it",NULL,"+393406641702",NULL,NULL,NULL,NULL,NULL,NULL,NULL,NULL,NULL,"it","{""defaultLanguage"":""it_IT""}",NULL,NULL,NULL,NULL,NULL,,"1"
"160","visible","customer",NULL,"Salvatore","Sanna","salvatoresannanuoro@gmail.com",NULL,"+393475497663",NULL,NULL,NULL,NULL,NULL,NULL,NULL,NULL,NULL,"it","{""defaultLanguage"":""it_IT""}",NULL,NULL,NULL,NULL,NULL,,"1"
"161","visible","customer",NULL,"luca","casula","lucacasula.nu@gmail.com",NULL,"+393453144122",NULL,NULL,NULL,NULL,NULL,NULL,NULL,NULL,NULL,"it","{""defaultLanguage"":""it_IT""}",NULL,NULL,NULL,NULL,NULL,,"1"
"162","visible","customer",NULL,"Marco","Pisanu","marco.pisanu@outlook.it",NULL,"+393770807226",NULL,NULL,NULL,NULL,NULL,NULL,NULL,NULL,NULL,"it","{""defaultLanguage"":""it_IT""}",NULL,NULL,NULL,NULL,NULL,,"1"
"163","visible","customer",NULL,"Salvatore","Moro","salvatoremoronuoro@gmail.com",NULL,"+393280216758",NULL,NULL,NULL,NULL,NULL,NULL,NULL,NULL,NULL,"it","{""defaultLanguage"":""it_IT""}",NULL,NULL,NULL,NULL,NULL,,"1"
"164","visible","customer",NULL,"Francesco Mario","Murru","francesco@studiomurru.it",NULL,"+393496453057",NULL,NULL,NULL,NULL,NULL,NULL,NULL,NULL,NULL,"it","{""defaultLanguage"":""it_IT""}",NULL,NULL,NULL,NULL,NULL,,"1"
"165","visible","customer",NULL,"Igor","Boi","igorboinuoro@gmail.com",NULL,"+393385861228",NULL,NULL,NULL,NULL,NULL,NULL,NULL,NULL,NULL,"it","{""defaultLanguage"":""it_IT""}",NULL,NULL,NULL,NULL,NULL,,"1"
"166","visible","customer",NULL,"Giovanna","Pulloni","giopull974@gmail.com",NULL,"+393396774300",NULL,NULL,NULL,NULL,NULL,NULL,NULL,NULL,NULL,"it","{""defaultLanguage"":""it_IT""}",NULL,NULL,NULL,NULL,NULL,,"1"
"167","visible","customer",NULL,"Maria","Picconi","picconimaria.mp@gmail.com",NULL,"+393208947069",NULL,NULL,NULL,NULL,NULL,NULL,NULL,NULL,NULL,"it","{""defaultLanguage"":""it_IT""}",NULL,NULL,NULL,NULL,NULL,,"1"
"168","visible","customer",NULL,"Marco","Pittalis","marcopittalis90@gmail.com",NULL,"+393463183432",NULL,NULL,NULL,NULL,NULL,NULL,NULL,NULL,NULL,"it","{""defaultLanguage"":""it_IT""}",NULL,NULL,NULL,NULL,NULL,,"1"
"169","visible","customer",NULL,"Teresa","Picconi","teresapicconi@outlook.it",NULL,"+393481126555",NULL,NULL,NULL,NULL,NULL,NULL,NULL,NULL,NULL,"it","{""defaultLanguage"":""it_IT""}",NULL,NULL,NULL,NULL,NULL,,"1"
"170","visible","customer",NULL,"Paola","Corda","gpcorda@yahoo.it",NULL,"+393403071654",NULL,NULL,NULL,NULL,NULL,NULL,NULL,NULL,NULL,"it","{""defaultLanguage"":""it_IT""}",NULL,NULL,NULL,NULL,NULL,,"1"
"171","visible","customer",NULL,"Federico","Pittalis","federicopittalis@hotmail.it",NULL,"+393408256550",NULL,NULL,NULL,NULL,NULL,NULL,NULL,NULL,NULL,"it","{""defaultLanguage"":""it_IT""}",NULL,NULL,NULL,NULL,NULL,,"1"
"172","visible","customer",NULL,"Giangavino","Cossu","giangaweb@gmail.com",NULL,"+393931434119",NULL,NULL,NULL,NULL,NULL,NULL,NULL,NULL,NULL,"it","{""defaultLanguage"":""it_IT""}",NULL,NULL,NULL,NULL,NULL,,"1"
"173","visible","customer",NULL,"Roberta","Corrias","robertacorrias78@gmail.com",NULL,"+393208160287",NULL,NULL,NULL,NULL,NULL,NULL,NULL,NULL,NULL,"it","{""defaultLanguage"":""it_IT""}",NULL,NULL,NULL,NULL,NULL,,"1"
"174","visible","customer",NULL,"Gianmaria","Pintori","gianmaria.pintori@tiscali.it",NULL,"+393290670483",NULL,NULL,NULL,NULL,NULL,NULL,NULL,NULL,NULL,"it","{""defaultLanguage"":""it_IT""}",NULL,NULL,NULL,NULL,NULL,,"1"
"175","visible","customer",NULL,"Giulia","Parodo","giulia.parodo@gmail.com",NULL,"+393470958959",NULL,NULL,NULL,NULL,NULL,NULL,NULL,NULL,NULL,"it","{""defaultLanguage"":""it_IT""}",NULL,NULL,NULL,NULL,NULL,,"1"
"176","visible","customer",NULL,"Marco","Era","marcoera2003@gmail.com",NULL,"+393481540548",NULL,NULL,NULL,NULL,NULL,NULL,NULL,NULL,NULL,"it","{""defaultLanguage"":""it_IT""}",NULL,NULL,NULL,NULL,NULL,,"1"
"177","visible","customer",NULL,"Valeria","Pili","valeriapili83@gmail.com",NULL,"+393476883521",NULL,NULL,NULL,NULL,NULL,NULL,NULL,NULL,NULL,"it","{""defaultLanguage"":""it_IT""}",NULL,NULL,NULL,NULL,NULL,,"1"
"178","visible","customer",NULL,"Alessandro","Masala","arch.masala@gmail.com",NULL,"+393272008423",NULL,NULL,NULL,NULL,NULL,NULL,NULL,NULL,NULL,"it","{""defaultLanguage"":""it_IT""}",NULL,NULL,NULL,NULL,NULL,,"1"
"179","visible","customer",NULL,"Barbara","Sanna","sannabarbara.nu@gmail.com",NULL,"+393280718363",NULL,NULL,NULL,NULL,NULL,NULL,NULL,NULL,NULL,"it","{""defaultLanguage"":""it_IT""}",NULL,NULL,NULL,NULL,NULL,,"1"
"180","visible","customer",NULL,"Claudia","Tuligi","tuligi.claudia@tiscali.it",NULL,"+393701156000",NULL,NULL,NULL,NULL,NULL,NULL,NULL,NULL,NULL,"it","{""defaultLanguage"":""it_IT""}",NULL,NULL,NULL,NULL,NULL,,"1"
"181","visible","customer",NULL,"Alessio","Pala","alessio.pala@outlook.it",NULL,"+393287141432",NULL,NULL,NULL,NULL,NULL,NULL,NULL,NULL,NULL,"it","{""defaultLanguage"":""it_IT""}",NULL,NULL,NULL,NULL,NULL,,"1"
"182","visible","customer",NULL,"Valentina","Canu","canu.valentina@gmail.com",NULL,"+393452649542",NULL,NULL,NULL,NULL,NULL,NULL,NULL,NULL,NULL,"it","{""defaultLanguage"":""it_IT""}",NULL,NULL,NULL,NULL,NULL,,"1"
"183","visible","customer",NULL,"Paolo","Carai","pcarai88@gmail.com",NULL,"+393488735638",NULL,NULL,NULL,NULL,NULL,NULL,NULL,NULL,NULL,"it","{""defaultLanguage"":""it_IT""}",NULL,NULL,NULL,NULL,NULL,,"1"
"184","visible","customer",NULL,"Antonello","Ladu","lellonuoro@yahoo.it",NULL,"+393289199079",NULL,NULL,NULL,NULL,NULL,NULL,NULL,NULL,NULL,"it","{""defaultLanguage"":""it_IT""}",NULL,NULL,NULL,NULL,NULL,,"1"
"185","visible","customer",NULL,"Stefania","Usai","stefania.usai87@gmail.com",NULL,"+393479591967",NULL,NULL,NULL,NULL,NULL,NULL,NULL,NULL,NULL,"it","{""defaultLanguage"":""it_IT""}",NULL,NULL,NULL,NULL,NULL,,"1"
"186","visible","customer",NULL,"Anania","Pala","salvatore.siotto@gmail.com",NULL,"+393515359075",NULL,NULL,NULL,NULL,NULL,NULL,NULL,NULL,NULL,"it","{""defaultLanguage"":""it_IT""}",NULL,NULL,NULL,NULL,NULL,,"1"
"187","visible","customer",NULL,"Anna","Angheleddu","annang28@hotmail.com",NULL,"+393408937153",NULL,NULL,NULL,NULL,NULL,NULL,NULL,NULL,NULL,"it","{""defaultLanguage"":""it_IT""}",NULL,NULL,NULL,NULL,NULL,,"1"
"188","visible","customer",NULL,"giovanna","moro","mammaspitz@gmail.com",NULL,"+393429018280",NULL,NULL,NULL,NULL,NULL,NULL,NULL,NULL,NULL,"it","{""defaultLanguage"":""it_IT""}",NULL,NULL,NULL,NULL,NULL,,"1"
"189","visible","customer",NULL,"Paolo","Ledda","illedda59@gmail.com",NULL,"+39-320-532-2841",NULL,NULL,NULL,NULL,NULL,NULL,NULL,NULL,NULL,"it","{""defaultLanguage"":""it_IT""}",NULL,NULL,NULL,NULL,NULL,,"1"
"190","visible","customer",NULL,"Anastasia","Corda","stascia@tiscali.it",NULL,"+393475240731",NULL,NULL,NULL,NULL,NULL,NULL,NULL,NULL,NULL,"it","{""defaultLanguage"":""it_IT""}",NULL,NULL,NULL,NULL,NULL,,"1"
"191","visible","customer",NULL,"Ilaria","Catte","ilaria.catte@hotmail.it",NULL,"+393480417651",NULL,NULL,NULL,NULL,NULL,NULL,NULL,NULL,NULL,"it","{""defaultLanguage"":""it_IT""}",NULL,NULL,NULL,NULL,NULL,,"1"
"192","visible","customer",NULL,"Marco","Piras","marcolinoop@virgilio.it",NULL,"+393478844472",NULL,NULL,NULL,NULL,NULL,NULL,NULL,NULL,NULL,"it","{""defaultLanguage"":""it_IT""}",NULL,NULL,NULL,NULL,NULL,,"1"
"193","visible","customer",NULL,"Paolo","Moro","paolomorosalva@gmail.com",NULL,"+393498629510",NULL,NULL,NULL,NULL,NULL,NULL,NULL,NULL,NULL,"it","{""defaultLanguage"":""it_IT""}",NULL,NULL,NULL,NULL,NULL,,"1"
"194","visible","customer",NULL,"Luciana","Melis","lucianamelis75@gmail.com",NULL,"+393737523002",NULL,NULL,NULL,NULL,NULL,NULL,NULL,NULL,NULL,"it","{""defaultLanguage"":""it_IT""}",NULL,NULL,NULL,NULL,NULL,,"1"
"195","visible","customer",NULL,"Maddalena","Beccoi","maddalenabeccoi@gmail.com",NULL,"+393249089394",NULL,NULL,NULL,NULL,NULL,NULL,NULL,NULL,NULL,"it","{""defaultLanguage"":""it_IT""}",NULL,NULL,NULL,NULL,NULL,,"1"
"196","visible","customer",NULL,"Pasqualina","Fronteddu","pasqualina.f77@tiscali.it",NULL,"+393496335497",NULL,NULL,NULL,NULL,NULL,NULL,NULL,NULL,NULL,"it","{""defaultLanguage"":""it_IT""}",NULL,NULL,NULL,NULL,NULL,,"1"
"197","visible","customer",NULL,"Pasqualina","Fronteddu","calviaalessandro74@gmail.com",NULL,"+393472998656",NULL,NULL,NULL,NULL,NULL,NULL,NULL,NULL,NULL,"it","{""defaultLanguage"":""it_IT""}",NULL,NULL,NULL,NULL,NULL,,"1"
"198","visible","customer",NULL,"Claudia","Gambioli","gambioli3@hotmail.com",NULL,"+393401248659",NULL,NULL,NULL,NULL,NULL,NULL,NULL,NULL,NULL,"it","{""defaultLanguage"":""it_IT""}",NULL,NULL,NULL,NULL,NULL,,"1"
"199","visible","customer",NULL,"Salvatore","Chessa","bobochessa@tiscali.it",NULL,"+393339652649",NULL,NULL,NULL,NULL,NULL,NULL,NULL,NULL,NULL,"it","{""defaultLanguage"":""it_IT""}",NULL,NULL,NULL,NULL,NULL,,"1"
"200","visible","customer",NULL,"Mena","Puggioni","puggimena@hotmail.it",NULL,"+393280211087",NULL,NULL,NULL,NULL,NULL,NULL,NULL,NULL,NULL,"it","{""defaultLanguage"":""it_IT""}",NULL,NULL,NULL,NULL,NULL,,"1"
"201","visible","customer",NULL,"Angelo","Coda","coda.angelo@gmail.com",NULL,"+393280138471",NULL,NULL,NULL,NULL,NULL,NULL,NULL,NULL,NULL,"it","{""defaultLanguage"":""it_IT""}",NULL,NULL,NULL,NULL,NULL,,"1"
"202","visible","customer",NULL,"Giuseppe","Floris","Florisavvocatogiuseppe@gmail.com",NULL,"+393479158588",NULL,NULL,NULL,NULL,NULL,NULL,NULL,NULL,NULL,"it","{""defaultLanguage"":""it_IT""}",NULL,NULL,NULL,NULL,NULL,,"1"
"203","visible","customer",NULL,"Nicola","Porcu","nicola.porcu@tiscali.it",NULL,"+393296139327",NULL,NULL,NULL,NULL,NULL,NULL,NULL,NULL,NULL,"it","{""defaultLanguage"":""it_IT""}",NULL,NULL,NULL,NULL,NULL,,"1"
"204","visible","customer",NULL,"felicia","curatolo","liciacuratolo@gmail.com",NULL,"+393387625252",NULL,NULL,NULL,NULL,NULL,NULL,NULL,NULL,NULL,"it","{""defaultLanguage"":""it_IT""}",NULL,NULL,NULL,NULL,NULL,,"1"
"205","visible","customer",NULL,"Carla Rita","Marchetti","carlettaprof@yahoo.it",NULL,"+393293906271",NULL,NULL,NULL,NULL,NULL,NULL,NULL,NULL,NULL,"it","{""defaultLanguage"":""it_IT""}",NULL,NULL,NULL,NULL,NULL,,"1"
"206","visible","customer",NULL,"Giampaolo","Cossu","giampuro@gmail.com",NULL,"+393495768005",NULL,NULL,NULL,NULL,NULL,NULL,NULL,NULL,NULL,"it","{""defaultLanguage"":""it_IT""}",NULL,NULL,NULL,NULL,NULL,,"1"
"207","visible","customer",NULL,"Francesco Michele","Daga","fmdaga@tiscali.it",NULL,"+393387079410",NULL,NULL,NULL,NULL,NULL,NULL,NULL,NULL,NULL,"it","{""defaultLanguage"":""it_IT""}",NULL,NULL,NULL,NULL,NULL,,"1"
"208","visible","customer",NULL,"Mario","Gallotta","priamo88@tiscali.it",NULL,"+393389862691",NULL,NULL,NULL,NULL,NULL,NULL,NULL,NULL,NULL,"it","{""defaultLanguage"":""it_IT""}",NULL,NULL,NULL,NULL,NULL,,"1"
"209","visible","customer",NULL,"Bastiano","Muredda","muredda.b90@gmail.com",NULL,"+393403967351",NULL,NULL,NULL,NULL,NULL,NULL,NULL,NULL,NULL,"it","{""defaultLanguage"":""it_IT""}",NULL,NULL,NULL,NULL,NULL,,"1"
"210","visible","customer",NULL,"Sebastiano","Sanna","sebastiano.sanna75@gmail.com",NULL,"+393396328561",NULL,NULL,NULL,NULL,NULL,NULL,NULL,NULL,NULL,"it","{""defaultLanguage"":""it_IT""}",NULL,NULL,NULL,NULL,NULL,,"1"
"211","visible","customer",NULL,"Maria Caterina","Farris","maria.farris011@gmail.com",NULL,"+393473510435",NULL,NULL,NULL,NULL,NULL,NULL,NULL,NULL,NULL,"it","{""defaultLanguage"":""it_IT""}",NULL,NULL,NULL,NULL,NULL,,"1"
"212","visible","customer",NULL,"Graziella","Farris","farrisgraziella@gmail.com",NULL,"+393495184114",NULL,NULL,NULL,NULL,NULL,NULL,NULL,NULL,NULL,"it","{""defaultLanguage"":""it_IT""}",NULL,NULL,NULL,NULL,NULL,,"1"
"213","visible","customer",NULL,"gianfranco","manca","manca.gia79@gmail.com",NULL,"+393288729298",NULL,NULL,NULL,NULL,NULL,NULL,NULL,NULL,NULL,"it","{""defaultLanguage"":""it_IT""}",NULL,NULL,NULL,NULL,NULL,,"1"
"214","visible","customer",NULL,"Daniele","Manca","d4n13l3.m4nc4@gmail.com",NULL,"+393246841533",NULL,NULL,NULL,NULL,NULL,NULL,NULL,NULL,NULL,"it","{""defaultLanguage"":""it_IT""}",NULL,NULL,NULL,NULL,NULL,,"1"
"215","visible","customer",NULL,"Cristina","Miscali","cris488@tiscali.it",NULL,"+393476196996",NULL,NULL,NULL,NULL,NULL,NULL,NULL,NULL,NULL,"it","{""defaultLanguage"":""it_IT""}",NULL,NULL,NULL,NULL,NULL,,"1"
"216","visible","customer",NULL,"Pina","Ruggiu","Ruggiupina0@gmail.com",NULL,"+393470516749",NULL,NULL,NULL,NULL,NULL,NULL,NULL,NULL,NULL,"it","{""defaultLanguage"":""it_IT""}",NULL,NULL,NULL,NULL,NULL,,"1"
"217","visible","customer",NULL,"Santina","Secchi","santina.secchi@gmail.com",NULL,"+393273553236",NULL,NULL,NULL,NULL,NULL,NULL,NULL,NULL,NULL,"it","{""defaultLanguage"":""it_IT""}",NULL,NULL,NULL,NULL,NULL,,"1"
"218","visible","customer",NULL,"Alessia","Pala","pala.ale29@gmail.com",NULL,"+393400869524",NULL,NULL,NULL,NULL,NULL,NULL,NULL,NULL,NULL,"it","{""defaultLanguage"":""it_IT""}",NULL,NULL,NULL,NULL,NULL,,"1"
"219","visible","customer",NULL,"Cristoforo","Floris","autochris@tiscali.it",NULL,"+393939992693",NULL,NULL,NULL,NULL,NULL,NULL,NULL,NULL,NULL,"it","{""defaultLanguage"":""it_IT""}",NULL,NULL,NULL,NULL,NULL,,"1"
"220","visible","customer",NULL,"Antonio","Guidobaldi","kekomi@hotmail.it",NULL,"+393272274634",NULL,NULL,NULL,NULL,NULL,NULL,NULL,NULL,NULL,"it","{""defaultLanguage"":""it_IT""}",NULL,NULL,NULL,NULL,NULL,,"1"
"221","visible","customer",NULL,"Dino","Basolu","dingotremarce@gmail.com",NULL,"+393495393477",NULL,NULL,NULL,NULL,NULL,NULL,NULL,NULL,NULL,"it","{""defaultLanguage"":""it_IT""}",NULL,NULL,NULL,NULL,NULL,,"1"
"222","visible","customer",NULL,"Claudia","Luzzi","claudia.luzzi72@gmail.com",NULL,"+393488868968",NULL,NULL,NULL,NULL,NULL,NULL,NULL,NULL,NULL,"it","{""defaultLanguage"":""it_IT""}",NULL,NULL,NULL,NULL,NULL,,"1"
"223","visible","customer",NULL,"Farida","Balata","farida.balata@gmail.com",NULL,"+393408655497",NULL,NULL,NULL,NULL,NULL,NULL,NULL,NULL,NULL,"it","{""defaultLanguage"":""it_IT""}",NULL,NULL,NULL,NULL,NULL,,"1"
"224","visible","customer",NULL,"Angelo","Basolu","mrbasolu@hotmail.it",NULL,"+393287486529",NULL,NULL,NULL,NULL,NULL,NULL,NULL,NULL,NULL,"it","{""defaultLanguage"":""it_IT""}",NULL,NULL,NULL,NULL,NULL,,"1"
"225","visible","customer",NULL,"Ilenia","Maccioni","ilenia.maccioni@tiscali.it",NULL,"+393317971130",NULL,NULL,NULL,NULL,NULL,NULL,NULL,NULL,NULL,"it","{""defaultLanguage"":""it_IT""}",NULL,NULL,NULL,NULL,NULL,,"1"
"226","visible","customer",NULL,"Maria Letizia","Serra","ml.serra@edisfera.com",NULL,"+393341816504",NULL,NULL,NULL,NULL,NULL,NULL,NULL,NULL,NULL,"it","{""defaultLanguage"":""it_IT""}",NULL,NULL,NULL,NULL,NULL,,"1"
"227","visible","customer",NULL,"Irene","Delogu","irenedelogu72@icloud.com",NULL,"+393403864586",NULL,NULL,NULL,NULL,NULL,NULL,NULL,NULL,NULL,"it","{""defaultLanguage"":""it_IT""}",NULL,NULL,NULL,NULL,NULL,,"1"
"228","visible","customer",NULL,"Loredana Elena","Ionescu","lore.ionescu1984@gmail.com",NULL,"+393272393242",NULL,NULL,NULL,NULL,NULL,NULL,NULL,NULL,NULL,"it","{""defaultLanguage"":""it_IT""}",NULL,NULL,NULL,NULL,NULL,,"1"
"229","visible","customer",NULL,"Matilda","Dylja","durressdurres@gmail.com",NULL,"+393914777396",NULL,NULL,NULL,NULL,NULL,NULL,NULL,NULL,NULL,"it","{""defaultLanguage"":""it_IT""}",NULL,NULL,NULL,NULL,NULL,,"1"
"230","visible","customer",NULL,"Alessandra","Delogu","Alessandradelogu@gmail.com",NULL,"+393404843630",NULL,NULL,NULL,NULL,NULL,NULL,NULL,NULL,NULL,"it","{""defaultLanguage"":""it_IT""}",NULL,NULL,NULL,NULL,NULL,,"1"
"231","visible","customer",NULL,"Antonio","Succu","tinatupponi@gmail.com",NULL,"+393405138006",NULL,NULL,NULL,NULL,NULL,NULL,NULL,NULL,NULL,"it","{""defaultLanguage"":""it_IT""}",NULL,NULL,NULL,NULL,NULL,,"1"
"232","visible","customer",NULL,"Rosaria","Secchi","rosariasecchi@libero.it",NULL,"+393290059489",NULL,NULL,NULL,NULL,NULL,NULL,NULL,NULL,NULL,"it","{""defaultLanguage"":""it_IT""}",NULL,NULL,NULL,NULL,NULL,,"1"
"233","visible","customer",NULL,"LEONARDO","TULIGI","PINGU93@HOTMAIL.IT",NULL,"+393277416483",NULL,NULL,NULL,NULL,NULL,NULL,NULL,NULL,NULL,"it","{""defaultLanguage"":""it_IT""}",NULL,NULL,NULL,NULL,NULL,,"1"
"234","visible","customer",NULL,"Domenica","Virde","domynugoro@gmail.com",NULL,"+393496267962",NULL,NULL,NULL,NULL,NULL,NULL,NULL,NULL,NULL,"it","{""defaultLanguage"":""it_IT""}",NULL,NULL,NULL,NULL,NULL,,"1"
"235","visible","customer",NULL,"Giuseppe","Me","geom.giuseppe.me@gmail.com",NULL,"+393280603000",NULL,NULL,NULL,NULL,NULL,NULL,NULL,NULL,NULL,"it","{""defaultLanguage"":""it_IT""}",NULL,NULL,NULL,NULL,NULL,,"1"
"236","visible","customer",NULL,"Giovanna","Anela","giovannaanela64@gmail.com",NULL,"+393341456677",NULL,NULL,NULL,NULL,NULL,NULL,NULL,NULL,NULL,"it","{""defaultLanguage"":""it_IT""}",NULL,NULL,NULL,NULL,NULL,,"1"
"237","visible","customer",NULL,"Marco","Ribaudo","supermarcobasler@hotmail.it",NULL,"+393474608072",NULL,NULL,NULL,NULL,NULL,NULL,NULL,NULL,NULL,"it","{""defaultLanguage"":""it_IT""}",NULL,NULL,NULL,NULL,NULL,,"1"
"238","visible","customer",NULL,"Noemi","Podda","poddanoemi190@gmail.com",NULL,"+393246863127",NULL,NULL,NULL,NULL,NULL,NULL,NULL,NULL,NULL,"it","{""defaultLanguage"":""it_IT""}",NULL,NULL,NULL,NULL,NULL,,"1"
"239","visible","customer",NULL,"Andrea","Piras","muruddu75@gmail.com",NULL,"+393894437582",NULL,NULL,NULL,NULL,NULL,NULL,NULL,NULL,NULL,"it","{""defaultLanguage"":""it_IT""}",NULL,NULL,NULL,NULL,NULL,,"1"
"240","visible","customer",NULL,"Stefano","Seddone","stefanoseddone90@gmail.com",NULL,"+393482647927",NULL,NULL,NULL,NULL,NULL,NULL,NULL,NULL,NULL,"it","{""defaultLanguage"":""it_IT""}",NULL,NULL,NULL,NULL,NULL,,"1"
"241","visible","customer",NULL,"Marina","Pisanu","marinapisanu17@gmail.com",NULL,"+393496457305",NULL,NULL,NULL,NULL,NULL,NULL,NULL,NULL,NULL,"it","{""defaultLanguage"":""it_IT""}",NULL,NULL,NULL,NULL,NULL,,"1"
"242","visible","customer",NULL,"Antonio","Selloni","antonioselloni@gmail.com",NULL,"+393298033767",NULL,NULL,NULL,NULL,NULL,NULL,NULL,NULL,NULL,"it","{""defaultLanguage"":""it_IT""}",NULL,NULL,NULL,NULL,NULL,,"1"
"243","visible","customer",NULL,"Maria","Carente","maria.carente@yahoo.it",NULL,"+393493698057",NULL,NULL,NULL,NULL,NULL,NULL,NULL,NULL,NULL,"it","{""defaultLanguage"":""it_IT""}",NULL,NULL,NULL,NULL,NULL,,"1"
"244","visible","customer",NULL,"Gian Piera","Tanda","gianpiera.tanda@tiscali.it",NULL,"+393420620198",NULL,NULL,NULL,NULL,NULL,NULL,NULL,NULL,NULL,"it","{""defaultLanguage"":""it_IT""}",NULL,NULL,NULL,NULL,NULL,,"1"
"245","visible","customer",NULL,"Benedetta","Piras","bene.piras95@gmail.com",NULL,"+393463788969",NULL,NULL,NULL,NULL,NULL,NULL,NULL,NULL,NULL,"it","{""defaultLanguage"":""it_IT""}",NULL,NULL,NULL,NULL,NULL,,"1"
"246","visible","customer",NULL,"Antonella","Piras","ent.piras@gmail.com",NULL,"+393204181590",NULL,NULL,NULL,NULL,NULL,NULL,NULL,NULL,NULL,"it","{""defaultLanguage"":""it_IT""}",NULL,NULL,NULL,NULL,NULL,,"1"
"247","visible","customer",NULL,"Lorenzo","Carta","lorenzocarta96@gmail.com",NULL,"+393409553789",NULL,NULL,NULL,NULL,NULL,NULL,NULL,NULL,NULL,"it","{""defaultLanguage"":""it_IT""}",NULL,NULL,NULL,NULL,NULL,,"1"
"248","visible","customer",NULL,"Anna Maria","Piras","anna83@live.it",NULL,"+393403759349",NULL,NULL,NULL,NULL,NULL,NULL,NULL,NULL,NULL,"it","{""defaultLanguage"":""it_IT""}",NULL,NULL,NULL,NULL,NULL,,"1"
"249","visible","customer",NULL,"Emanuele","Piras","lele.piras@hotmail.it",NULL,"+393401603939",NULL,NULL,NULL,NULL,NULL,NULL,NULL,NULL,NULL,"it","{""defaultLanguage"":""it_IT""}",NULL,NULL,NULL,NULL,NULL,,"1"
"250","visible","customer",NULL,"Noemi","Podda","noemipodda.vodafone@gmail.com",NULL,"+393483893507",NULL,NULL,NULL,NULL,NULL,NULL,NULL,NULL,NULL,"it","{""defaultLanguage"":""it_IT""}",NULL,NULL,NULL,NULL,NULL,,"1"
"251","visible","customer",NULL,"Marco","Olivas","marco.olivas@alice.it",NULL,"+393477340271",NULL,NULL,NULL,NULL,NULL,NULL,NULL,NULL,NULL,"it","{""defaultLanguage"":""it_IT""}",NULL,NULL,NULL,NULL,NULL,,"1"
"252","visible","customer",NULL,"Laura","Fadda","laurafaddamgg67@gmail.com",NULL,"+393285477125",NULL,NULL,NULL,NULL,NULL,NULL,NULL,NULL,NULL,"it","{""defaultLanguage"":""it_IT""}",NULL,NULL,NULL,NULL,NULL,,"1"
"253","visible","customer",NULL,"Veronica","Canu","benedettepiras@icloud.com",NULL,"+393486372403",NULL,NULL,NULL,NULL,NULL,NULL,NULL,NULL,NULL,"it","{""defaultLanguage"":""it_IT""}",NULL,NULL,NULL,NULL,NULL,,"1"
"254","visible","customer",NULL,"Tiziana","Mureddu","tizy.mureddu@hotmail.it",NULL,"+393403739795",NULL,NULL,NULL,NULL,NULL,NULL,NULL,NULL,NULL,"it","{""defaultLanguage"":""it_IT""}",NULL,NULL,NULL,NULL,NULL,,"1"
"255","visible","customer",NULL,"Graziano","Boeddu","graziano.boeddu@gmail.com",NULL,"+393485673010",NULL,NULL,NULL,NULL,NULL,NULL,NULL,NULL,NULL,"it","{""defaultLanguage"":""it_IT""}",NULL,NULL,NULL,NULL,NULL,,"1"
"257","visible","customer",NULL,"MARTA","Ruggeri","rm.ruggeri@yahoo.it",NULL,"+393205787213",NULL,NULL,NULL,NULL,NULL,NULL,NULL,NULL,NULL,"it","{""defaultLanguage"":""it_IT""}",NULL,NULL,NULL,NULL,NULL,,"1"
"258","visible","customer",NULL,"Grazia","Usai","usaigrazia73@gmail.com",NULL,"+393492908865",NULL,NULL,NULL,NULL,NULL,NULL,NULL,NULL,NULL,"it","{""defaultLanguage"":""it_IT""}",NULL,NULL,NULL,NULL,NULL,,"1"
"259","visible","customer",NULL,"Stefania","Ravarotto","stefania.ravarotto13@gmail.com",NULL,"+393208711166",NULL,NULL,NULL,NULL,NULL,NULL,NULL,NULL,NULL,"it","{""defaultLanguage"":""it_IT""}",NULL,NULL,NULL,NULL,NULL,,"1"
"260","visible","customer",NULL,"Franca","Usai","fg.usai@tisccali.it",NULL,"+393296619200",NULL,NULL,NULL,NULL,NULL,NULL,NULL,NULL,NULL,"it","{""defaultLanguage"":""it_IT""}",NULL,NULL,NULL,NULL,NULL,,"1"
"261","visible","customer",NULL,"Dolores","Barabino","doloresbarabino@icloud.com",NULL,"+393792620924",NULL,NULL,NULL,NULL,NULL,NULL,NULL,NULL,NULL,"it","{""defaultLanguage"":""it_IT""}",NULL,NULL,NULL,NULL,NULL,,"1"
"262","visible","customer",NULL,"Tamara","Sanna","tamara.sa@tiscali.it",NULL,"+393332163634",NULL,NULL,NULL,NULL,NULL,NULL,NULL,NULL,NULL,"it","{""defaultLanguage"":""it_IT""}",NULL,NULL,NULL,NULL,NULL,,"1"
"263","visible","customer",NULL,"Maria Genesia","Carta","camage@tiscali.it",NULL,"+393473502236",NULL,NULL,NULL,NULL,NULL,NULL,NULL,NULL,NULL,"it","{""defaultLanguage"":""it_IT""}",NULL,NULL,NULL,NULL,NULL,,"1"
"264","visible","customer",NULL,"Anna Maria","Seu","annamariaseu59@gmail.com",NULL,"+393406769614",NULL,NULL,NULL,NULL,NULL,NULL,NULL,NULL,NULL,"it","{""defaultLanguage"":""it_IT""}",NULL,NULL,NULL,NULL,NULL,,"1"
"265","visible","customer",NULL,"Maria Giovanna","Capello","ilparco@gmail.com",NULL,"+393290246160",NULL,NULL,NULL,NULL,NULL,NULL,NULL,NULL,NULL,"it","{""defaultLanguage"":""it_IT""}",NULL,NULL,NULL,NULL,NULL,,"1"
"266","visible","customer",NULL,"Nicoletta","Magnabosco","nicoletta.magnabosco@gmail.com",NULL,"+393280246160",NULL,NULL,NULL,NULL,NULL,NULL,NULL,NULL,NULL,"it","{""defaultLanguage"":""it_IT""}",NULL,NULL,NULL,NULL,NULL,,"1"
"267","visible","customer",NULL,"Alessandra","Pititu","alessandra.pititu@gmail.com",NULL,"+393476709147",NULL,NULL,NULL,NULL,NULL,NULL,NULL,NULL,NULL,"it","{""defaultLanguage"":""it_IT""}",NULL,NULL,NULL,NULL,NULL,,"1"
"268","visible","customer",NULL,"Rossella","Cacciatori","scarletta@tscali.it",NULL,"+393428586624",NULL,NULL,NULL,NULL,NULL,NULL,NULL,NULL,NULL,"it","{""defaultLanguage"":""it_IT""}",NULL,NULL,NULL,NULL,NULL,,"1"
"269","visible","customer",NULL,"Laura","Moro","verachi.francesca@tiscali.it",NULL,"+393403058904",NULL,NULL,NULL,NULL,NULL,NULL,NULL,NULL,NULL,"it","{""defaultLanguage"":""it_IT""}",NULL,NULL,NULL,NULL,NULL,,"1"
"270","visible","customer",NULL,"Annalisa","Meloni","sdv.nuoro@gmail.com",NULL,"+393289212368",NULL,NULL,NULL,NULL,NULL,NULL,NULL,NULL,NULL,"it","{""defaultLanguage"":""it_IT""}",NULL,NULL,NULL,NULL,NULL,,"1"
"271","visible","customer",NULL,"Annalisa","Piredda","lisapiredda@libero.it",NULL,"+393477690862",NULL,NULL,NULL,NULL,NULL,NULL,NULL,NULL,NULL,"it","{""defaultLanguage"":""it_IT""}",NULL,NULL,NULL,NULL,NULL,,"1"
"272","visible","customer",NULL,"Giovanni","Artedino","gartedino@libero.it",NULL,"+393474059178",NULL,NULL,NULL,NULL,NULL,NULL,NULL,NULL,NULL,"it","{""defaultLanguage"":""it_IT""}",NULL,NULL,NULL,NULL,NULL,,"1"
"273","visible","customer",NULL,"Giovanna","Lara","giovannalara68@gmail.com",NULL,"+393395785942",NULL,NULL,NULL,NULL,NULL,NULL,NULL,NULL,NULL,"it","{""defaultLanguage"":""it_IT""}",NULL,NULL,NULL,NULL,NULL,,"1"
"274","visible","customer",NULL,"Paolo","Mereu","paolomereu72@gmail.com",NULL,"+393285671987",NULL,NULL,NULL,NULL,NULL,NULL,NULL,NULL,NULL,"it","{""defaultLanguage"":""it_IT""}",NULL,NULL,NULL,NULL,NULL,,"1"
"275","visible","customer",NULL,"Mariangela","Melis","melmanzela1@gmail.com",NULL,"+393403046830",NULL,NULL,NULL,NULL,NULL,NULL,NULL,NULL,NULL,"it","{""defaultLanguage"":""it_IT""}",NULL,NULL,NULL,NULL,NULL,,"1"
"276","visible","customer",NULL,"Rita","Pinna","ritapinna56@gmail.com",NULL,"+393286269141",NULL,NULL,NULL,NULL,NULL,NULL,NULL,NULL,NULL,"it","{""defaultLanguage"":""it_IT""}",NULL,NULL,NULL,NULL,NULL,,"1"
"277","visible","customer",NULL,"Graziella","Sotgiu","zaconast@gmail.com",NULL,"+393881022568",NULL,NULL,NULL,NULL,NULL,NULL,NULL,NULL,NULL,"it","{""defaultLanguage"":""it_IT""}",NULL,NULL,NULL,NULL,NULL,,"1"
"278","visible","customer",NULL,"Donatella","Castia","donatella.castia@live.it",NULL,"+393662638997",NULL,NULL,NULL,NULL,NULL,NULL,NULL,NULL,NULL,"it","{""defaultLanguage"":""it_IT""}",NULL,NULL,NULL,NULL,NULL,,"1"
"279","visible","customer",NULL,"Giorgia","Puddighinu","puddighinugiorgia@gmail.com",NULL,"+393451746834",NULL,NULL,NULL,NULL,NULL,NULL,NULL,NULL,NULL,"it","{""defaultLanguage"":""it_IT""}",NULL,NULL,NULL,NULL,NULL,,"1"
"280","visible","customer",NULL,"Giulia","Mereu","giuliamereu2007@gmail.con",NULL,"+393249517797",NULL,NULL,NULL,NULL,NULL,NULL,NULL,NULL,NULL,"it","{""defaultLanguage"":""it_IT""}",NULL,NULL,NULL,NULL,NULL,,"1"
"281","visible","customer",NULL,"Luigi","Guiso","gluisff@yahoo.it",NULL,"+393923435256",NULL,NULL,NULL,NULL,NULL,NULL,NULL,NULL,NULL,"it","{""defaultLanguage"":""it_IT""}",NULL,NULL,NULL,NULL,NULL,,"1"
"282","visible","customer",NULL,"Elisabetta","Casacca","elisabetta.casacca@tiscali.it",NULL,"+393202692544",NULL,NULL,NULL,NULL,NULL,NULL,NULL,NULL,NULL,"it","{""defaultLanguage"":""it_IT""}",NULL,NULL,NULL,NULL,NULL,,"1"
"283","visible","customer",NULL,"Viviana","Soddu","viviana_soddu@yahoo.it",NULL,"+393473509484",NULL,NULL,NULL,NULL,NULL,NULL,NULL,NULL,NULL,"it","{""defaultLanguage"":""it_IT""}",NULL,NULL,NULL,NULL,NULL,,"1"
"284","visible","customer",NULL,"Antonello","Murgia","antmurgia@gmail.com",NULL,"+393440103877",NULL,NULL,NULL,NULL,NULL,NULL,NULL,NULL,NULL,"it","{""defaultLanguage"":""it_IT""}",NULL,NULL,NULL,NULL,NULL,,"1"
"285","visible","customer",NULL,"Silvana","Piras","pirasilvana@tiscali.it",NULL,"+393495200976",NULL,NULL,NULL,NULL,NULL,NULL,NULL,NULL,NULL,"it","{""defaultLanguage"":""it_IT""}",NULL,NULL,NULL,NULL,NULL,,"1"
"286","visible","customer",NULL,"Giuseppe","Dessena","giuseppe.dessena@inwind.it",NULL,"+393471074077",NULL,NULL,NULL,NULL,NULL,NULL,NULL,NULL,NULL,"it","{""defaultLanguage"":""it_IT""}",NULL,NULL,NULL,NULL,NULL,,"1"
"287","visible","customer",NULL,"Francesco","Gallisai","fra.gallisai@gmail.com",NULL,"+393409604084",NULL,NULL,NULL,NULL,NULL,NULL,NULL,NULL,NULL,"it","{""defaultLanguage"":""it_IT""}",NULL,NULL,NULL,NULL,NULL,,"1"
"288","visible","customer",NULL,"MARISTELLA","MISCALI","70stella3112@gmail.com",NULL,"+393425232502",NULL,NULL,NULL,NULL,NULL,NULL,NULL,NULL,NULL,"it","{""defaultLanguage"":""it_IT""}",NULL,NULL,NULL,NULL,NULL,,"1"
"289","visible","customer",NULL,"Gina","Piras","gina.piras.nu@tiscali.it",NULL,"+393881948295",NULL,NULL,NULL,NULL,NULL,NULL,NULL,NULL,NULL,"it","{""defaultLanguage"":""it_IT""}",NULL,NULL,NULL,NULL,NULL,,"1"
"290","visible","customer",NULL,"Anna","Serpollo","aserpollo53@gmail.com",NULL,"+393496675904",NULL,NULL,NULL,NULL,NULL,NULL,NULL,NULL,NULL,"it","{""defaultLanguage"":""it_IT""}",NULL,NULL,NULL,NULL,NULL,,"1"
"291","visible","customer",NULL,"Federico","Sini","federicosini@tiscali.it",NULL,"+393403226389",NULL,NULL,NULL,NULL,NULL,NULL,NULL,NULL,NULL,"it","{""defaultLanguage"":""it_IT""}",NULL,NULL,NULL,NULL,NULL,,"1"
"292","visible","customer",NULL,"Salvatora","Patteri","baddip54@gmail.com",NULL,"+393475153219",NULL,NULL,NULL,NULL,NULL,NULL,NULL,NULL,NULL,"it","{""defaultLanguage"":""it_IT""}",NULL,NULL,NULL,NULL,NULL,,"1"
"293","visible","customer",NULL,"Andrea","Caneglias","andrea.caneglias@gmail.com",NULL,"+393474499115",NULL,NULL,NULL,NULL,NULL,NULL,NULL,NULL,NULL,"it","{""defaultLanguage"":""it_IT""}",NULL,NULL,NULL,NULL,NULL,,"1"
"294","visible","customer",NULL,"Marina","Pinna","86marina@tiscali.it",NULL,"+39378475886",NULL,NULL,NULL,NULL,NULL,NULL,NULL,NULL,NULL,"it","{""defaultLanguage"":""it_IT""}",NULL,NULL,NULL,NULL,NULL,,"1"
"295","visible","customer",NULL,"Claudio","Satgia","sscla1983@yahoo.it",NULL,"+39348779090",NULL,NULL,NULL,NULL,NULL,NULL,NULL,NULL,NULL,"it","{""defaultLanguage"":""it_IT""}",NULL,NULL,NULL,NULL,NULL,,"1"
"296","visible","customer",NULL,"Tiziana","Piana","tizianap13@yahoo.it",NULL,"+393247899755",NULL,NULL,NULL,NULL,NULL,NULL,NULL,NULL,NULL,"it","{""defaultLanguage"":""it_IT""}",NULL,NULL,NULL,NULL,NULL,,"1"
"297","visible","customer",NULL,"Danilo","Spina","danilospina@tiscali.it",NULL,"+393479554326",NULL,NULL,NULL,NULL,NULL,NULL,NULL,NULL,NULL,"it","{""defaultLanguage"":""it_IT""}",NULL,NULL,NULL,NULL,NULL,,"1"
"298","visible","customer",NULL,"Pier Paolo","Fancello","pier.fancello62@gmail.com",NULL,"+393294115173",NULL,NULL,NULL,NULL,NULL,NULL,NULL,NULL,NULL,"it","{""defaultLanguage"":""it_IT""}",NULL,NULL,NULL,NULL,NULL,,"1"
"299","visible","customer",NULL,"Jean Mario","Mussinu","jeanmario@tiscali.it",NULL,"+393480154979",NULL,NULL,NULL,NULL,NULL,NULL,NULL,NULL,NULL,"it","{""defaultLanguage"":""it_IT""}",NULL,NULL,NULL,NULL,NULL,,"1"
"300","visible","customer",NULL,"Marina","Pinna","obinugrazia@tiscali.it",NULL,"+393478475886",NULL,NULL,NULL,NULL,NULL,NULL,NULL,NULL,NULL,"it","{""defaultLanguage"":""it_IT""}",NULL,NULL,NULL,NULL,NULL,,"1"
"301","visible","customer",NULL,"Claudio","Satgia","satgiaclaudio@gmail.com",NULL,"+393487790890",NULL,NULL,NULL,NULL,NULL,NULL,NULL,NULL,NULL,"it","{""defaultLanguage"":""it_IT""}",NULL,NULL,NULL,NULL,NULL,,"1"
"302","visible","customer",NULL,"LUIGI","BANDINU","luigibandinu@libero.it",NULL,"+393357855266",NULL,NULL,NULL,NULL,NULL,NULL,NULL,NULL,NULL,"it","{""defaultLanguage"":""it_IT""}",NULL,NULL,NULL,NULL,NULL,,"1"
"303","visible","customer",NULL,"Gianfranca","Pintus","gianfrancapintus@hotmail.com",NULL,"+393455840514",NULL,NULL,NULL,NULL,NULL,NULL,NULL,NULL,NULL,"it","{""defaultLanguage"":""it_IT""}",NULL,NULL,NULL,NULL,NULL,,"1"
"304","visible","customer",NULL,"Paolo","Marteddu","paolomarteddu7@gmail.com",NULL,"+393490735886",NULL,NULL,NULL,NULL,NULL,NULL,NULL,NULL,NULL,"it","{""defaultLanguage"":""it_IT""}",NULL,NULL,NULL,NULL,NULL,,"1"
"305","visible","customer",NULL,"Francesca","Pisanu","francescapisanu371@hotmail.com",NULL,"+393336938359",NULL,NULL,NULL,NULL,NULL,NULL,NULL,NULL,NULL,"it","{""defaultLanguage"":""it_IT""}",NULL,NULL,NULL,NULL,NULL,,"1"
"306","visible","customer",NULL,"Viviana","Pes","vivi.desacre@gmail.com",NULL,"+393273503376",NULL,NULL,NULL,NULL,NULL,NULL,NULL,NULL,NULL,"it","{""defaultLanguage"":""it_IT""}",NULL,NULL,NULL,NULL,NULL,,"1"
"307","visible","customer",NULL,"Maria Francesca","Pes","mariafrancescapes.2006@gmail.com",NULL,"+393921818418",NULL,NULL,NULL,NULL,NULL,NULL,NULL,NULL,NULL,"it","{""defaultLanguage"":""it_IT""}",NULL,NULL,NULL,NULL,NULL,,"1"
"308","visible","customer",NULL,"Silvia","Pes","silviapes82@gmail.com",NULL,"+393804792169",NULL,NULL,NULL,NULL,NULL,NULL,NULL,NULL,NULL,"it","{""defaultLanguage"":""it_IT""}",NULL,NULL,NULL,NULL,NULL,,"1"
"309","visible","customer",NULL,"Valentina","Deriu","valentina.ad.desacre@gmail.com",NULL,"+393620606191",NULL,NULL,NULL,NULL,NULL,NULL,NULL,NULL,NULL,"it","{""defaultLanguage"":""it_IT""}",NULL,NULL,NULL,NULL,NULL,,"1"
"310","visible","customer",NULL,"Claudio","Pes","pes.claudio@tiscali.it",NULL,"+393288985468",NULL,NULL,NULL,NULL,NULL,NULL,NULL,NULL,NULL,"it","{""defaultLanguage"":""it_IT""}",NULL,NULL,NULL,NULL,NULL,,"1"
"311","visible","customer",NULL,"maddalena","sesto","maddalena.sesto@gmail.com",NULL,"+393291810488",NULL,NULL,NULL,NULL,NULL,NULL,NULL,NULL,NULL,"it","{""defaultLanguage"":""it_IT""}",NULL,NULL,NULL,NULL,NULL,,"1"
"312","visible","customer",NULL,"Aurora","Rassu","aurorarassu330@gmail.com",NULL,"+393807947503",NULL,NULL,NULL,NULL,NULL,NULL,NULL,NULL,NULL,"it","{""defaultLanguage"":""it_IT""}",NULL,NULL,NULL,NULL,NULL,,"1"
"313","visible","customer",NULL,"Angela","Caporale","angcap74@gmail.com",NULL,"+393923436578",NULL,NULL,NULL,NULL,NULL,NULL,NULL,NULL,NULL,"it","{""defaultLanguage"":""it_IT""}",NULL,NULL,NULL,NULL,NULL,,"1"
"314","visible","customer",NULL,"Eleonora","Masu","ele.masu@alice.it",NULL,"+393487014574",NULL,NULL,NULL,NULL,NULL,NULL,NULL,NULL,NULL,"it","{""defaultLanguage"":""it_IT""}",NULL,NULL,NULL,NULL,NULL,,"1"
"315","visible","customer",NULL,"Melinda","Masu","memasu@tiscali.it",NULL,"+393337273325",NULL,NULL,NULL,NULL,NULL,NULL,NULL,NULL,NULL,"it","{""defaultLanguage"":""it_IT""}",NULL,NULL,NULL,NULL,NULL,,"1"
"316","visible","customer",NULL,"Marco","Poddighe","marcoraffaelepoddighe@gmail.com",NULL,"+393356948689",NULL,NULL,NULL,NULL,NULL,NULL,NULL,NULL,NULL,"it","{""defaultLanguage"":""it_IT""}",NULL,NULL,NULL,NULL,NULL,,"1"
"317","visible","customer",NULL,"Mariangela","Crabolu","m.crabolu@tiscali.it",NULL,"+393406837707",NULL,NULL,NULL,NULL,NULL,NULL,NULL,NULL,NULL,"it","{""defaultLanguage"":""it_IT""}",NULL,NULL,NULL,NULL,NULL,,"1"
"318","visible","customer",NULL,"SImona","Deiana","simo.deiana76@gmail.com",NULL,"+393386853288",NULL,NULL,NULL,NULL,NULL,NULL,NULL,NULL,NULL,"it","{""defaultLanguage"":""it_IT""}",NULL,NULL,NULL,NULL,NULL,,"1"
"319","visible","customer",NULL,"Giuseppe","Rindone","gi.rindone@gmail.com",NULL,"+393313795157",NULL,NULL,NULL,NULL,NULL,NULL,NULL,NULL,NULL,"it","{""defaultLanguage"":""it_IT""}",NULL,NULL,NULL,NULL,NULL,,"1"
"320","visible","customer",NULL,"Manola","Piroddi","manoevale2010@gmail.com",NULL,"+393289212371",NULL,NULL,NULL,NULL,NULL,NULL,NULL,NULL,NULL,"it","{""defaultLanguage"":""it_IT""}",NULL,NULL,NULL,NULL,NULL,,"1"
"321","visible","customer",NULL,"valentino","mattana","valentinomattana82@gmail.com",NULL,"+393297351672",NULL,NULL,NULL,NULL,NULL,NULL,NULL,NULL,NULL,"it","{""defaultLanguage"":""it_IT""}",NULL,NULL,NULL,NULL,NULL,,"1"
"322","visible","customer",NULL,"Marco","Zedda","marcozedda1970@gmail.com",NULL,"+393288148514",NULL,NULL,NULL,NULL,NULL,NULL,NULL,NULL,NULL,"it","{""defaultLanguage"":""it_IT""}",NULL,NULL,NULL,NULL,NULL,,"1"
"323","visible","customer",NULL,"Giuseppina","Gervasi","chiccagervasi@libero.it",NULL,"+393388375493",NULL,NULL,NULL,NULL,NULL,NULL,NULL,NULL,NULL,"it","{""defaultLanguage"":""it_IT""}",NULL,NULL,NULL,NULL,NULL,,"1"
"324","visible","customer",NULL,"Laura","Giannotti","laura.giannotti@hotmail.it",NULL,"+393480389156",NULL,NULL,NULL,NULL,NULL,NULL,NULL,NULL,NULL,"it","{""defaultLanguage"":""it_IT""}",NULL,NULL,NULL,NULL,NULL,,"1"
"325","visible","customer",NULL,"Sara","Porcheri","saraporcheri02@gmail.com",NULL,"+393497360700",NULL,NULL,NULL,NULL,NULL,NULL,NULL,NULL,NULL,"it","{""defaultLanguage"":""it_IT""}",NULL,NULL,NULL,NULL,NULL,,"1"
"326","visible","customer",NULL,"Massimo","Porcheri","98massi@gmail.com",NULL,"+393455884107",NULL,NULL,NULL,NULL,NULL,NULL,NULL,NULL,NULL,"it","{""defaultLanguage"":""it_IT""}",NULL,NULL,NULL,NULL,NULL,,"1"
"327","visible","customer",NULL,"Matteo","Poddighe","matteo.poddighe19@gmail.com",NULL,"+393201497433",NULL,NULL,NULL,NULL,NULL,NULL,NULL,NULL,NULL,"it","{""defaultLanguage"":""it_IT""}",NULL,NULL,NULL,NULL,NULL,,"1"
"328","visible","customer",NULL,"Luisa","Zedda","luisazedda67@gmail.com",NULL,"+393284875666",NULL,NULL,NULL,NULL,NULL,NULL,NULL,NULL,NULL,"it","{""defaultLanguage"":""it_IT""}",NULL,NULL,NULL,NULL,NULL,,"1"
"329","visible","customer",NULL,"Sara","Gungui","saragungui9@gmail.com",NULL,"+393400689228",NULL,NULL,NULL,NULL,NULL,NULL,NULL,NULL,NULL,"it","{""defaultLanguage"":""it_IT""}",NULL,NULL,NULL,NULL,NULL,,"1"
"330","visible","customer",NULL,"Maria Grazia","Manca","mariagraziamca286@gmail.com",NULL,"+393405386778",NULL,NULL,NULL,NULL,NULL,NULL,NULL,NULL,NULL,"it","{""defaultLanguage"":""it_IT""}",NULL,NULL,NULL,NULL,NULL,,"1"
"331","visible","customer",NULL,"Luisella","Lorrai","l.luisella198@gmail.com",NULL,"+393482697806",NULL,NULL,NULL,NULL,NULL,NULL,NULL,NULL,NULL,"it","{""defaultLanguage"":""it_IT""}",NULL,NULL,NULL,NULL,NULL,,"1"
"332","visible","customer",NULL,"Antonella","Deiana","dantonella72@gmail.com",NULL,"+393398903706",NULL,NULL,NULL,NULL,NULL,NULL,NULL,NULL,NULL,"it","{""defaultLanguage"":""it_IT""}",NULL,NULL,NULL,NULL,NULL,,"1"
"333","visible","customer",NULL,"ANNA","BECCARI","annabeccari@gmail.com",NULL,"+393316245725",NULL,NULL,NULL,NULL,NULL,NULL,NULL,NULL,NULL,"it","{""defaultLanguage"":""it_IT""}",NULL,NULL,NULL,NULL,NULL,,"1"
"334","visible","customer",NULL,"Mario","Manca","mariomanca73@gmail.com",NULL,"+393518464505",NULL,NULL,NULL,NULL,NULL,NULL,NULL,NULL,NULL,"it","{""defaultLanguage"":""it_IT""}",NULL,NULL,NULL,NULL,NULL,,"1"
"335","visible","customer",NULL,"Pintori","Francesca","francescapintori60@tiscali.it",NULL,"+393288148438",NULL,NULL,NULL,NULL,NULL,NULL,NULL,NULL,NULL,"it","{""defaultLanguage"":""it_IT""}",NULL,NULL,NULL,NULL,NULL,,"1"
"336","visible","customer",NULL,"Pasqualina","Carzedda","pcarzedda@yahoo.it",NULL,"+393471326111",NULL,NULL,NULL,NULL,NULL,NULL,NULL,NULL,NULL,"it","{""defaultLanguage"":""it_IT""}",NULL,NULL,NULL,NULL,NULL,,"1"
"337","visible","customer",NULL,"Francesca","Levis","kikki27@libero.it",NULL,"+393358159600",NULL,NULL,NULL,NULL,NULL,NULL,NULL,NULL,NULL,"it","{""defaultLanguage"":""it_IT""}",NULL,NULL,NULL,NULL,NULL,,"1"
"338","visible","customer",NULL,"Maria Annunziata","Giannotti","ma.giannotti3@gmail.com",NULL,"+393450774443",NULL,NULL,NULL,NULL,NULL,NULL,NULL,NULL,NULL,"it","{""defaultLanguage"":""it_IT""}",NULL,NULL,NULL,NULL,NULL,,"1"
"339","visible","customer",NULL,"Carlotta","Manca","carlotta-89@tiscali.it",NULL,"+393921532755",NULL,NULL,NULL,NULL,NULL,NULL,NULL,NULL,NULL,"it","{""defaultLanguage"":""it_IT""}",NULL,NULL,NULL,NULL,NULL,,"1"
"340","visible","customer",NULL,"Matteo","Chessa","gooze1988@gmail.com",NULL,"+393478761581",NULL,NULL,NULL,NULL,NULL,NULL,NULL,NULL,NULL,"it","{""defaultLanguage"":""it_IT""}",NULL,NULL,NULL,NULL,NULL,,"1"
"341","visible","customer",NULL,"Annamaria","Matta","annamaria6710@gmail.com",NULL,"+393929142047",NULL,NULL,NULL,NULL,NULL,NULL,NULL,NULL,NULL,"it","{""defaultLanguage"":""it_IT""}",NULL,NULL,NULL,NULL,NULL,,"1"
"342","visible","customer",NULL,"Giovanna","Cadeddu","cadeddu.giovanna@gmail.com",NULL,"+393407109303",NULL,NULL,NULL,NULL,NULL,NULL,NULL,NULL,NULL,"it","{""defaultLanguage"":""it_IT""}",NULL,NULL,NULL,NULL,NULL,,"1"
"343","visible","customer",NULL,"Giuseppina","Deiana","giuseppina.deiana@nu.camcom.it",NULL,"+393206918856",NULL,NULL,NULL,NULL,NULL,NULL,NULL,NULL,NULL,"it","{""defaultLanguage"":""it_IT""}",NULL,NULL,NULL,NULL,NULL,,"1"
"344","visible","customer",NULL,"Paolo","Sanna","ingpaolosanna.safety@gmail.com",NULL,"+393292091285",NULL,NULL,NULL,NULL,NULL,NULL,NULL,NULL,NULL,"it","{""defaultLanguage"":""it_IT""}",NULL,NULL,NULL,NULL,NULL,,"1"
"345","visible","customer",NULL,"Tamara rita","Ruzzeddu","rita.ruzzeddu@libero.it",NULL,"+393470628177",NULL,NULL,NULL,NULL,NULL,NULL,NULL,NULL,NULL,"it","{""defaultLanguage"":""it_IT""}",NULL,NULL,NULL,NULL,NULL,,"1"
"346","visible","customer",NULL,"Giuseppe","Santisi","giuseppesantisi@tiscali.it",NULL,"+393272449309",NULL,NULL,NULL,NULL,NULL,NULL,NULL,NULL,NULL,"it","{""defaultLanguage"":""it_IT""}",NULL,NULL,NULL,NULL,NULL,,"1"
"347","visible","customer",NULL,"Gianfranco","Cossu","cossu.gianfranco@tiscali.it",NULL,"+393938688412",NULL,NULL,NULL,NULL,NULL,NULL,NULL,NULL,NULL,"it","{""defaultLanguage"":""it_IT""}",NULL,NULL,NULL,NULL,NULL,,"1"
"348","visible","customer",NULL,"Antonello","Ruggiu","ruganto61@gmail.it",NULL,"+393285692388",NULL,NULL,NULL,NULL,NULL,NULL,NULL,NULL,NULL,"it","{""defaultLanguage"":""it_IT""}",NULL,NULL,NULL,NULL,NULL,,"1"
"349","visible","customer",NULL,"Marco","Demurtas","marcodema74@gmail.com",NULL,"+393299446833",NULL,NULL,NULL,NULL,NULL,NULL,NULL,NULL,NULL,"it","{""defaultLanguage"":""it_IT""}",NULL,NULL,NULL,NULL,NULL,,"1"
"350","visible","customer",NULL,"Stefano","Piras","pirasstefano@outlook.com",NULL,"+393487839026",NULL,NULL,NULL,NULL,NULL,NULL,NULL,NULL,NULL,"it","{""defaultLanguage"":""it_IT""}",NULL,NULL,NULL,NULL,NULL,,"1"
"351","visible","customer",NULL,"Luca","Demurtas","lucademurtas76@gmail.com",NULL,"+393351327007",NULL,NULL,NULL,NULL,NULL,NULL,NULL,NULL,NULL,"it","{""defaultLanguage"":""it_IT""}",NULL,NULL,NULL,NULL,NULL,,"1"
"352","visible","customer",NULL,"Andrea","Pintor","andrea.pintor.74@gmail.com",NULL,"+393281332683",NULL,NULL,NULL,NULL,NULL,NULL,NULL,NULL,NULL,"it","{""defaultLanguage"":""it_IT""}",NULL,NULL,NULL,NULL,NULL,,"1"
"353","visible","customer",NULL,"Francesco","Pala","checcopala@tiscali.it",NULL,"+393383563327",NULL,NULL,NULL,NULL,NULL,NULL,NULL,NULL,NULL,"it","{""defaultLanguage"":""it_IT""}",NULL,NULL,NULL,NULL,NULL,,"1"
"354","visible","customer",NULL,"Adriano","F","lunarossa03@gmail.com",NULL,"+393484301937",NULL,NULL,NULL,NULL,NULL,NULL,NULL,NULL,NULL,"it","{""defaultLanguage"":""it_IT""}",NULL,NULL,NULL,NULL,NULL,,"1"
"355","visible","customer",NULL,"Alessia","Urrai","a.urrai@tiscali.it",NULL,"+393288134291",NULL,NULL,NULL,NULL,NULL,NULL,NULL,NULL,NULL,"it","{""defaultLanguage"":""it_IT""}",NULL,NULL,NULL,NULL,NULL,,"1"
"356","visible","customer",NULL,"Alice","Depalmas","depalmasalice3@gmail.com",NULL,"+393488142072",NULL,NULL,NULL,NULL,NULL,NULL,NULL,NULL,NULL,"it","{""defaultLanguage"":""it_IT""}",NULL,NULL,NULL,NULL,NULL,,"1"
"357","visible","customer",NULL,"Antonio","Corrias","antoniocorrias62@gmail.com",NULL,"+393395268003",NULL,NULL,NULL,NULL,NULL,NULL,NULL,NULL,NULL,"it","{""defaultLanguage"":""it_IT""}",NULL,NULL,NULL,NULL,NULL,,"1"
"358","visible","customer",NULL,"Maria","Virde","mariavirde1954@gmail.com",NULL,"+393407731774",NULL,NULL,NULL,NULL,NULL,NULL,NULL,NULL,NULL,"it","{""defaultLanguage"":""it_IT""}",NULL,NULL,NULL,NULL,NULL,,"1"
"359","visible","customer",NULL,"Antonello","Pittalis","antonellopittalis@gmail.com",NULL,"+393667005084",NULL,NULL,NULL,NULL,NULL,NULL,NULL,NULL,NULL,"it","{""defaultLanguage"":""it_IT""}",NULL,NULL,NULL,NULL,NULL,,"1"
"360","visible","customer",NULL,"Luciano","Pittalis","lucianopittalis@gmail.com",NULL,"+393896605491",NULL,NULL,NULL,NULL,NULL,NULL,NULL,NULL,NULL,"it","{""defaultLanguage"":""it_IT""}",NULL,NULL,NULL,NULL,NULL,,"1"
"361","visible","customer",NULL,"Ndeye","Thiam","ndeyeth957@gmail.com",NULL,"+393801790108",NULL,NULL,NULL,NULL,NULL,NULL,NULL,NULL,NULL,"it","{""defaultLanguage"":""it_IT""}",NULL,NULL,NULL,NULL,NULL,,"1"
"362","visible","customer",NULL,"Daniela","Corrias","corridani@gmail.com",NULL,"+393476377214",NULL,NULL,NULL,NULL,NULL,NULL,NULL,NULL,NULL,"it","{""defaultLanguage"":""it_IT""}",NULL,NULL,NULL,NULL,NULL,,"1"
"363","visible","customer",NULL,"Manuel","Pinna","manuelpinna74@libero.it",NULL,"+393395088239",NULL,NULL,NULL,NULL,NULL,NULL,NULL,NULL,NULL,"it","{""defaultLanguage"":""it_IT""}",NULL,NULL,NULL,NULL,NULL,,"1"
"364","visible","customer",NULL,"Stefania","Bosu","stefany.sb47@gmail.com",NULL,"+393882533693",NULL,NULL,NULL,NULL,NULL,NULL,NULL,NULL,NULL,"it","{""defaultLanguage"":""it_IT""}",NULL,NULL,NULL,NULL,NULL,,"1"
"365","visible","customer",NULL,"Gavina","Deiana","gavina.deiana@gmail.com",NULL,"+393488538649",NULL,NULL,NULL,NULL,NULL,NULL,NULL,NULL,NULL,"it","{""defaultLanguage"":""it_IT""}",NULL,NULL,NULL,NULL,NULL,,"1"
"366","visible","customer",NULL,"Paolo","Chessa","pa.chessa79@gmail.com",NULL,"+393207084719",NULL,NULL,NULL,NULL,NULL,NULL,NULL,NULL,NULL,"it","{""defaultLanguage"":""it_IT""}",NULL,NULL,NULL,NULL,NULL,,"1"
"367","visible","customer",NULL,"Francesca","Moro","framoro76@tiscali.it",NULL,"+393389094770",NULL,NULL,NULL,NULL,NULL,NULL,NULL,NULL,NULL,"it","{""defaultLanguage"":""it_IT""}",NULL,NULL,NULL,NULL,NULL,,"1"
"368","visible","customer",NULL,"Salvatore","Serra","baddore7680@gmail.com",NULL,"+393283367332",NULL,NULL,NULL,NULL,NULL,NULL,NULL,NULL,NULL,"it","{""defaultLanguage"":""it_IT""}",NULL,NULL,NULL,NULL,NULL,,"1"
"369","visible","customer",NULL,"Fabio","Farina","fabio@2fservice.com",NULL,"+393803046466",NULL,NULL,NULL,NULL,NULL,NULL,NULL,NULL,NULL,"it","{""defaultLanguage"":""it_IT""}",NULL,NULL,NULL,NULL,NULL,,"1"
"370","visible","customer",NULL,"Pierpaolo","Arghittu","pierpaoloarghittu@gmail.com",NULL,"+393401002360",NULL,NULL,NULL,NULL,NULL,NULL,NULL,NULL,NULL,"it","{""defaultLanguage"":""it_IT""}",NULL,NULL,NULL,NULL,NULL,,"1"
"371","visible","customer",NULL,"Davide","Demuratd","davidemurtas2007@gmail.com",NULL,"+393921191800",NULL,NULL,NULL,NULL,NULL,NULL,NULL,NULL,NULL,"it","{""defaultLanguage"":""it_IT""}",NULL,NULL,NULL,NULL,NULL,,"1"
"372","visible","customer",NULL,"Nicolò","Demurtas","nicodemurtas5@gmail.com",NULL,"+393270085430",NULL,NULL,NULL,NULL,NULL,NULL,NULL,NULL,NULL,"it","{""defaultLanguage"":""it_IT""}",NULL,NULL,NULL,NULL,NULL,,"1"
"373","visible","customer",NULL,"Simona","Puggioni","gangh@tiscali.it",NULL,"+393803048632",NULL,NULL,NULL,NULL,NULL,NULL,NULL,NULL,NULL,"it","{""defaultLanguage"":""it_IT""}",NULL,NULL,NULL,NULL,NULL,,"1"
"374","visible","customer",NULL,"Ennio","Mulas","ennio.mulas@gmail.com",NULL,"+393492966073",NULL,NULL,NULL,NULL,NULL,NULL,NULL,NULL,NULL,"it","{""defaultLanguage"":""it_IT""}",NULL,NULL,NULL,NULL,NULL,,"1"
"377","visible","customer",NULL,"Sale","Giovanna","giovannasale43@gmail.com",NULL,"+393408984290",NULL,NULL,NULL,NULL,NULL,NULL,NULL,NULL,NULL,"it","{""defaultLanguage"":""it_IT""}",NULL,NULL,NULL,NULL,NULL,,"1"
"378","visible","customer",NULL,"Giovanni","Ladu","gianniladu@tiscali.it",NULL,"+393452921948",NULL,NULL,NULL,NULL,NULL,NULL,NULL,NULL,NULL,"it","{""defaultLanguage"":""it_IT""}",NULL,NULL,NULL,NULL,NULL,,"1"
"379","visible","customer",NULL,"Monica","Ventura","70venturamonica@gmail.com",NULL,"+393280225538",NULL,NULL,NULL,NULL,NULL,NULL,NULL,NULL,NULL,"it","{""defaultLanguage"":""it_IT""}",NULL,NULL,NULL,NULL,NULL,,"1"
"380","visible","customer",NULL,"Anna maria","Colomo","colomoannam@gmail.com",NULL,"+393387927262",NULL,NULL,NULL,NULL,NULL,NULL,NULL,NULL,NULL,"it","{""defaultLanguage"":""it_IT""}",NULL,NULL,NULL,NULL,NULL,,"1"
"381","visible","customer",NULL,"Giovanni","Cossu","gcossu768@gmail.com",NULL,"+393420330869",NULL,NULL,NULL,NULL,NULL,NULL,NULL,NULL,NULL,"it","{""defaultLanguage"":""it_IT""}",NULL,NULL,NULL,NULL,NULL,,"1"
"382","visible","customer",NULL,"Salvatore","GIOVONI","giovoni.salvatore26@gmail.com",NULL,"+393382007564",NULL,NULL,NULL,NULL,NULL,NULL,NULL,NULL,NULL,"it","{""defaultLanguage"":""it_IT""}",NULL,NULL,NULL,NULL,NULL,,"1"
"383","visible","customer",NULL,"Claudia","Ladu","claudialadu@outlook.com",NULL,"+393461366401",NULL,NULL,NULL,NULL,NULL,NULL,NULL,NULL,NULL,"it","{""defaultLanguage"":""it_IT""}",NULL,NULL,NULL,NULL,NULL,,"1"
"384","visible","customer",NULL,"Luisanna","Porcu","luisanna.porcu@virgilio.it",NULL,"+393420483124",NULL,NULL,NULL,NULL,NULL,NULL,NULL,NULL,NULL,"it","{""defaultLanguage"":""it_IT""}",NULL,NULL,NULL,NULL,NULL,,"1"
"385","visible","customer",NULL,"Pamela","Giorno","lamela.gio@virgilio.it",NULL,"+393335454714",NULL,NULL,NULL,NULL,NULL,NULL,NULL,NULL,NULL,"it","{""defaultLanguage"":""it_IT""}",NULL,NULL,NULL,NULL,NULL,,"1"
"386","visible","customer",NULL,"Laura","Marras","monica.careddu@tiscali.it",NULL,"+393497172310",NULL,NULL,NULL,NULL,NULL,NULL,NULL,NULL,NULL,"it","{""defaultLanguage"":""it_IT""}",NULL,NULL,NULL,NULL,NULL,,"1"
"387","visible","customer",NULL,"Antonio","Sanna","antoniosaanna11@gmail.com",NULL,"+39393426399932",NULL,NULL,NULL,NULL,NULL,NULL,NULL,NULL,NULL,"it","{""defaultLanguage"":""it_IT""}",NULL,NULL,NULL,NULL,NULL,,"1"
"388","visible","customer",NULL,"Gian Paolo","Sanna","gianpaolosanna8@gmail.com",NULL,"+393272510767",NULL,NULL,NULL,NULL,NULL,NULL,NULL,NULL,NULL,"it","{""defaultLanguage"":""it_IT""}",NULL,NULL,NULL,NULL,NULL,,"1"
"389","visible","customer",NULL,"Raffaella","Marongiu","raffaellamarongiu62@gmail.com",NULL,"+393407117282",NULL,NULL,NULL,NULL,NULL,NULL,NULL,NULL,NULL,"it","{""defaultLanguage"":""it_IT""}",NULL,NULL,NULL,NULL,NULL,,"1"
"390","visible","customer",NULL,"Giovanna","Ticca","ticcagiovanna6@gmail.com",NULL,"+393403392559",NULL,NULL,NULL,NULL,NULL,NULL,NULL,NULL,NULL,"it","{""defaultLanguage"":""it_IT""}",NULL,NULL,NULL,NULL,NULL,,"1"
"391","visible","customer",NULL,"Graziella","Ledda","graziadamiana@gmail.com",NULL,"+393289644996",NULL,NULL,NULL,NULL,NULL,NULL,NULL,NULL,NULL,"it","{""defaultLanguage"":""it_IT""}",NULL,NULL,NULL,NULL,NULL,,"1"
"392","visible","customer",NULL,"Stefania","Turis","stefitur72@gmail.com",NULL,"+393281433065",NULL,NULL,NULL,NULL,NULL,NULL,NULL,NULL,NULL,"it","{""defaultLanguage"":""it_IT""}",NULL,NULL,NULL,NULL,NULL,,"1"
"393","visible","customer",NULL,"Nicolò","Delogu","nicolodelogu1@gmail.com",NULL,"+393270545002",NULL,NULL,NULL,NULL,NULL,NULL,NULL,NULL,NULL,"it","{""defaultLanguage"":""it_IT""}",NULL,NULL,NULL,NULL,NULL,,"1"
"394","visible","customer",NULL,"Simona","Ladu","simonaladu@yahoo.it",NULL,"+393285923918",NULL,NULL,NULL,NULL,NULL,NULL,NULL,NULL,NULL,"it","{""defaultLanguage"":""it_IT""}",NULL,NULL,NULL,NULL,NULL,,"1"
"395","visible","customer",NULL,"Raggio tabacchi","Raggio","raggio.enzo@gmail.com",NULL,"+393314664247",NULL,NULL,NULL,NULL,NULL,NULL,NULL,NULL,NULL,"it","{""defaultLanguage"":""it_IT""}",NULL,NULL,NULL,NULL,NULL,,"1"
"396","visible","customer",NULL,"Carla","Manca","manca1965.c@libero.it",NULL,"+393313516656",NULL,NULL,NULL,NULL,NULL,NULL,NULL,NULL,NULL,"it","{""defaultLanguage"":""it_IT""}",NULL,NULL,NULL,NULL,NULL,,"1"
"397","visible","customer",NULL,"Ilaria Maria","Stabilini","ilary_is@libero.it",NULL,"+393470698233",NULL,NULL,NULL,NULL,NULL,NULL,NULL,NULL,NULL,"it","{""defaultLanguage"":""it_IT""}",NULL,NULL,NULL,NULL,NULL,,"1"
"398","visible","customer",NULL,"Fabrizio","Catte","cattesergio39@gmail.com",NULL,"+393490737904",NULL,NULL,NULL,NULL,NULL,NULL,NULL,NULL,NULL,"it","{""defaultLanguage"":""it_IT""}",NULL,NULL,NULL,NULL,NULL,,"1"
"399","visible","customer",NULL,"Katia","Dindi","dindikatia@gmail.com",NULL,"+393492536455",NULL,NULL,NULL,NULL,NULL,NULL,NULL,NULL,NULL,"it","{""defaultLanguage"":""it_IT""}",NULL,NULL,NULL,NULL,NULL,,"1"
"400","visible","customer",NULL,"Giada","Chironi","giadachironi@gmail.com",NULL,"+393917031551",NULL,NULL,NULL,NULL,NULL,NULL,NULL,NULL,NULL,"it","{""defaultLanguage"":""it_IT""}",NULL,NULL,NULL,NULL,NULL,,"1"
"401","visible","customer",NULL,"Giovanni Antonio","Mereu","mereu.lello73@gmail.com",NULL,"+393270031819",NULL,NULL,NULL,NULL,NULL,NULL,NULL,NULL,NULL,"it","{""defaultLanguage"":""it_IT""}",NULL,NULL,NULL,NULL,NULL,,"1"
"402","visible","customer",NULL,"Loredana","Spada","spadinalory@hotmail.it",NULL,"+393462173478",NULL,NULL,NULL,NULL,NULL,NULL,NULL,NULL,NULL,"it","{""defaultLanguage"":""it_IT""}",NULL,NULL,NULL,NULL,NULL,,"1"
"403","visible","customer",NULL,"Massimiliano","Seu","massimiliano.seu@icloud.com",NULL,"+393498323686",NULL,NULL,NULL,NULL,NULL,NULL,NULL,NULL,NULL,"it","{""defaultLanguage"":""it_IT""}",NULL,NULL,NULL,NULL,NULL,,"1"
"404","visible","customer",NULL,"Davide","Savona","anovas@tiscali.it",NULL,"+393477422713",NULL,NULL,NULL,NULL,NULL,NULL,NULL,NULL,NULL,"it","{""defaultLanguage"":""it_IT""}",NULL,NULL,NULL,NULL,NULL,,"1"
"405","visible","customer",NULL,"Noemi","Murru","noemimurru1@tiscali.it",NULL,"+393471301319",NULL,NULL,NULL,NULL,NULL,NULL,NULL,NULL,NULL,"it","{""defaultLanguage"":""it_IT""}",NULL,NULL,NULL,NULL,NULL,,"1"
"406","visible","customer",NULL,"simone","pittalis","simonepittalis@gmail.com",NULL,"+393775979857",NULL,NULL,NULL,NULL,NULL,NULL,NULL,NULL,NULL,"it","{""defaultLanguage"":""it_IT""}",NULL,NULL,NULL,NULL,NULL,,"1"
"407","visible","customer",NULL,"Maria Caterina","Gallisai","caterinagallisai6@gmail.com",NULL,"+393714744605",NULL,NULL,NULL,NULL,NULL,NULL,NULL,NULL,NULL,"it","{""defaultLanguage"":""it_IT""}",NULL,NULL,NULL,NULL,NULL,,"1"
"408","visible","customer",NULL,"Gabriele","Roversi","samurajo@tiscali.it",NULL,"+393387451382",NULL,NULL,NULL,NULL,NULL,NULL,NULL,NULL,NULL,"it","{""defaultLanguage"":""it_IT""}",NULL,NULL,NULL,NULL,NULL,,"1"
"409","visible","customer",NULL,"Monica","Canu","monica-71@virgilio.it",NULL,"+393333234792",NULL,NULL,NULL,NULL,NULL,NULL,NULL,NULL,NULL,"it","{""defaultLanguage"":""it_IT""}",NULL,NULL,NULL,NULL,NULL,,"1"
"410","visible","customer",NULL,"Antonella","Sedda","antosedda.74@gmail.com",NULL,"+393336871663",NULL,NULL,NULL,NULL,NULL,NULL,NULL,NULL,NULL,"it","{""defaultLanguage"":""it_IT""}",NULL,NULL,NULL,NULL,NULL,,"1"
"411","visible","customer",NULL,"Sara","Fiori","Ra.fiori@tiscali.it",NULL,"+393490091174",NULL,NULL,NULL,NULL,NULL,NULL,NULL,NULL,NULL,"it","{""defaultLanguage"":""it_IT""}",NULL,NULL,NULL,NULL,NULL,,"1"
"412","visible","customer",NULL,"Anna","Z","anna.zucca17@gmail.com",NULL,"+393515777240",NULL,NULL,NULL,NULL,NULL,NULL,NULL,NULL,NULL,"it","{""defaultLanguage"":""it_IT""}",NULL,NULL,NULL,NULL,NULL,,"1"
"413","visible","customer",NULL,"Michela","Zucca","mzucca50@gmail.com",NULL,"+393403383800",NULL,NULL,NULL,NULL,NULL,NULL,NULL,NULL,NULL,"it","{""defaultLanguage"":""it_IT""}",NULL,NULL,NULL,NULL,NULL,,"1"
"414","visible","customer",NULL,"Eleonora","Piu","eleonorapiu97@gmail.com",NULL,"+393774271587",NULL,NULL,NULL,NULL,NULL,NULL,NULL,NULL,NULL,"it","{""defaultLanguage"":""it_IT""}",NULL,NULL,NULL,NULL,NULL,,"1"
"415","visible","customer",NULL,"Rosanna","Fancello","fancello.rosanna@gmail.com",NULL,"+393486008305",NULL,NULL,NULL,NULL,NULL,NULL,NULL,NULL,NULL,"it","{""defaultLanguage"":""it_IT""}",NULL,NULL,NULL,NULL,NULL,,"1"
"416","visible","customer",NULL,"Elena","pira","elenapira16@yahoo.it",NULL,"+393774561750",NULL,NULL,NULL,NULL,NULL,NULL,NULL,NULL,NULL,"it","{""defaultLanguage"":""it_IT""}",NULL,NULL,NULL,NULL,NULL,,"1"
"417","visible","customer",NULL,"Massimo","Mesissa","massimo.mesissa@alice.it",NULL,"+393495739712",NULL,NULL,NULL,NULL,NULL,NULL,NULL,NULL,NULL,"it","{""defaultLanguage"":""it_IT""}",NULL,NULL,NULL,NULL,NULL,,"1"
"418","visible","customer",NULL,"Paola","Mura","paola.mura@tiscali.it",NULL,"+393381991907",NULL,NULL,NULL,NULL,NULL,NULL,NULL,NULL,NULL,"it","{""defaultLanguage"":""it_IT""}",NULL,NULL,NULL,NULL,NULL,,"1"
"419","visible","customer",NULL,"Stefano","Tocco","stocco03@gmail.com",NULL,"+393402783954",NULL,NULL,NULL,NULL,NULL,NULL,NULL,NULL,NULL,"it","{""defaultLanguage"":""it_IT""}",NULL,NULL,NULL,NULL,NULL,,"1"
"420","visible","customer",NULL,"OSPITI","CONVEGNO",NULL,NULL,NULL,NULL,NULL,NULL,NULL,NULL,NULL,NULL,NULL,NULL,"it","{""defaultLanguage"":""it_IT""}",NULL,NULL,NULL,NULL,NULL,,"1"
"421","visible","customer",NULL,"lina","boe","lina.boe@libero.it",NULL,"+393921589883",NULL,NULL,NULL,NULL,NULL,NULL,NULL,NULL,NULL,"it","{""defaultLanguage"":""it_IT""}",NULL,NULL,NULL,NULL,NULL,,"1"
"422","visible","customer",NULL,"Tiziana","Murru","tizianamurru1@gmail.com",NULL,"+393289310155",NULL,NULL,NULL,NULL,NULL,NULL,NULL,NULL,NULL,"it","{""defaultLanguage"":""it_IT""}",NULL,NULL,NULL,NULL,NULL,,"1"
"423","visible","customer",NULL,"Fabio","Salaris","fabiosalaris1978@gmail.com",NULL,"+393381615101",NULL,NULL,NULL,NULL,NULL,NULL,NULL,NULL,NULL,"it","{""defaultLanguage"":""it_IT""}",NULL,NULL,NULL,NULL,NULL,,"1"
"424","visible","customer",NULL,"Elisa","Piu","elispilla@hotmail.com",NULL,"+393332718427",NULL,NULL,NULL,NULL,NULL,NULL,NULL,NULL,NULL,"it","{""defaultLanguage"":""it_IT""}",NULL,NULL,NULL,NULL,NULL,,"1"
"425","visible","customer",NULL,"Bernardetta","Pisanu","bernardettapisanu@tiscali.it",NULL,"+393492329288",NULL,NULL,NULL,NULL,NULL,NULL,NULL,NULL,NULL,"it","{""defaultLanguage"":""it_IT""}",NULL,NULL,NULL,NULL,NULL,,"1"
"426","visible","customer",NULL,"Angelo","Pisanu","angelo.pisanu.71@gmail.com",NULL,"+393287511600",NULL,NULL,NULL,NULL,NULL,NULL,NULL,NULL,NULL,"it","{""defaultLanguage"":""it_IT""}",NULL,NULL,NULL,NULL,NULL,,"1"
"427","visible","customer",NULL,"rachele","pisanu","rachelepisanu11@gmail.com",NULL,"+393792208596",NULL,NULL,NULL,NULL,NULL,NULL,NULL,NULL,NULL,"it","{""defaultLanguage"":""it_IT""}",NULL,NULL,NULL,NULL,NULL,,"1"
"428","visible","customer",NULL,"Pietro Paolo","Pisanu","pietro.pisanu006@gmail.com",NULL,"+393792580324",NULL,NULL,NULL,NULL,NULL,NULL,NULL,NULL,NULL,"it","{""defaultLanguage"":""it_IT""}",NULL,NULL,NULL,NULL,NULL,,"1"
"429","visible","customer",NULL,"Federica","Murru","federica84murru@gmail.com",NULL,"+393283657089",NULL,NULL,NULL,NULL,NULL,NULL,NULL,NULL,NULL,"it","{""defaultLanguage"":""it_IT""}",NULL,NULL,NULL,NULL,NULL,,"1"
"430","visible","customer",NULL,"Giorgio","Marras","marrasgiorgiosindia@gmail.com",NULL,"+393494327090",NULL,NULL,NULL,NULL,NULL,NULL,NULL,NULL,NULL,"it","{""defaultLanguage"":""it_IT""}",NULL,NULL,NULL,NULL,NULL,,"1"
"431","visible","customer",NULL,"OSCAR","ADDIS","edicola.daoscar@gmail.com",NULL,"+393491885779",NULL,NULL,NULL,NULL,NULL,NULL,NULL,NULL,NULL,"it","{""defaultLanguage"":""it_IT""}",NULL,NULL,NULL,NULL,NULL,,"1"
"432","visible","customer",NULL,"Sebastiana","Piras","ianapiras@gmail.com",NULL,"+393475462244",NULL,NULL,NULL,NULL,NULL,NULL,NULL,NULL,NULL,"it","{""defaultLanguage"":""it_IT""}",NULL,NULL,NULL,NULL,NULL,,"1"
"433","visible","customer",NULL,"LAURA","LADU","lauraladu@tiscali.it",NULL,"+393491557796",NULL,NULL,NULL,NULL,NULL,NULL,NULL,NULL,NULL,"it","{""defaultLanguage"":""it_IT""}",NULL,NULL,NULL,NULL,NULL,,"1"
"434","visible","customer",NULL,"TANIA","ENA","TANIAENA@LIBERO.IT",NULL,"+393911346550",NULL,NULL,NULL,NULL,NULL,NULL,NULL,NULL,NULL,"it","{""defaultLanguage"":""it_IT""}",NULL,NULL,NULL,NULL,NULL,,"1"
"435","visible","customer",NULL,"FRANCESCA","CECCARELLI","francececcarelli@hotmail.it",NULL,"+393470106078",NULL,NULL,NULL,NULL,NULL,NULL,NULL,NULL,NULL,"it","{""defaultLanguage"":""it_IT""}",NULL,NULL,NULL,NULL,NULL,,"1"
"436","visible","customer",NULL,"CHIARA","ZEDDE","chiarazedde.13@gmail.com",NULL,"+393276558833",NULL,NULL,NULL,NULL,NULL,NULL,NULL,NULL,NULL,"it","{""defaultLanguage"":""it_IT""}",NULL,NULL,NULL,NULL,NULL,,"1"
"437","visible","customer",NULL,"giovanna","murru","giogiomurru2@gmail.com",NULL,"+393291553055",NULL,NULL,NULL,NULL,NULL,NULL,NULL,NULL,NULL,"it","{""defaultLanguage"":""it_IT""}",NULL,NULL,NULL,NULL,NULL,,"1"
"438","visible","customer",NULL,"Sandro","Biccai","biccaisandro@gmail.com",NULL,"+393496727851",NULL,NULL,NULL,NULL,NULL,NULL,NULL,NULL,NULL,"it","{""defaultLanguage"":""it_IT""}",NULL,NULL,NULL,NULL,NULL,,"1"
"439","visible","customer",NULL,"francesca","carroni","francescacarroni@yahoo.it",NULL,"+393200888690",NULL,NULL,NULL,NULL,NULL,NULL,NULL,NULL,NULL,"it","{""defaultLanguage"":""it_IT""}",NULL,NULL,NULL,NULL,NULL,,"1"
"440","visible","customer",NULL,"Stefano","Deriu","stefderiu@tiscali.it",NULL,"+393471780651",NULL,NULL,NULL,NULL,NULL,NULL,NULL,NULL,NULL,"it","{""defaultLanguage"":""it_IT""}",NULL,NULL,NULL,NULL,NULL,,"1"
"441","visible","customer",NULL,"ANNA MARIA","ARAMU","annamaria.aramu@tiscali.it",NULL,"+393398976684",NULL,NULL,NULL,NULL,NULL,NULL,NULL,NULL,NULL,"it","{""defaultLanguage"":""it_IT""}",NULL,NULL,NULL,NULL,NULL,,"1"
"442","visible","customer",NULL,"Caterina","Uda","udacaterina@gmail.com",NULL,"+393294375817",NULL,NULL,NULL,NULL,NULL,NULL,NULL,NULL,NULL,"it","{""defaultLanguage"":""it_IT""}",NULL,NULL,NULL,NULL,NULL,,"1"
"443","visible","customer",NULL,"Federico","Pisanu","federpisa@gmail.com",NULL,"+393283752497",NULL,NULL,NULL,NULL,NULL,NULL,NULL,NULL,NULL,"it","{""defaultLanguage"":""it_IT""}",NULL,NULL,NULL,NULL,NULL,,"1"
"444","visible","customer",NULL,"Massimo","mannu","massimomannu65@gmail.com",NULL,"+393351354283",NULL,NULL,NULL,NULL,NULL,NULL,NULL,NULL,NULL,"it","{""defaultLanguage"":""it_IT""}",NULL,NULL,NULL,NULL,NULL,,"1"
"445","visible","customer",NULL,"Giovanna","Dore","dore.gio@gmail.com",NULL,"+393290854501",NULL,NULL,NULL,NULL,NULL,NULL,NULL,NULL,NULL,"it","{""defaultLanguage"":""it_IT""}",NULL,NULL,NULL,NULL,NULL,,"1"
"446","visible","customer",NULL,"Francesco","Mastinu","f.mastinu@tiscali.it",NULL,"+393471293601",NULL,NULL,NULL,NULL,NULL,NULL,NULL,NULL,NULL,"it","{""defaultLanguage"":""it_IT""}",NULL,NULL,NULL,NULL,NULL,,"1"
"447","visible","customer",NULL,"marco","moreddu","ilmoro1983@gmail.com",NULL,"+393931993895",NULL,NULL,NULL,NULL,NULL,NULL,NULL,NULL,NULL,"it","{""defaultLanguage"":""it_IT""}",NULL,NULL,NULL,NULL,NULL,,"1"
"448","visible","customer",NULL,"Diego","Carboni","sinisebike@gmail.com",NULL,"+393938706399",NULL,NULL,NULL,NULL,NULL,NULL,NULL,NULL,NULL,"it","{""defaultLanguage"":""it_IT""}",NULL,NULL,NULL,NULL,NULL,,"1"
"449","visible","customer",NULL,"Stefania","Daga","dagastefania@hotmail.com",NULL,"+393405946003",NULL,NULL,NULL,NULL,NULL,NULL,NULL,NULL,NULL,"it","{""defaultLanguage"":""it_IT""}",NULL,NULL,NULL,NULL,NULL,,"1"
"450","visible","customer",NULL,"Pietro","Bussu","bussupietro@tiscali.it",NULL,"+393391553101",NULL,NULL,NULL,NULL,NULL,NULL,NULL,NULL,NULL,"it","{""defaultLanguage"":""it_IT""}",NULL,NULL,NULL,NULL,NULL,,"1"
"451","visible","customer",NULL,"Antonio","Pischedda","theantomacho@gmail.com",NULL,"+393486585821",NULL,NULL,NULL,NULL,NULL,NULL,NULL,NULL,NULL,"it","{""defaultLanguage"":""it_IT""}",NULL,NULL,NULL,NULL,NULL,,"1"
"452","visible","customer",NULL,"Gian Pietro","Pischedda","pischeddagianpietro@gmail.com",NULL,"+393478745279",NULL,NULL,NULL,NULL,NULL,NULL,NULL,NULL,NULL,"it","{""defaultLanguage"":""it_IT""}",NULL,NULL,NULL,NULL,NULL,,"1"
"453","visible","customer",NULL,"giuliano","lara","laragiuliano1975@gmail.com",NULL,"+393313705480",NULL,NULL,NULL,NULL,NULL,NULL,NULL,NULL,NULL,"it","{""defaultLanguage"":""it_IT""}",NULL,NULL,NULL,NULL,NULL,,"1"
"454","visible","customer",NULL,"Giommaria","Bussu","billybussu@tiscali.it",NULL,"+393403706763",NULL,NULL,NULL,NULL,NULL,NULL,NULL,NULL,NULL,"it","{""defaultLanguage"":""it_IT""}",NULL,NULL,NULL,NULL,NULL,,"1"
"455","visible","customer",NULL,"Angelo","Pinna","angelo.pin@live.it",NULL,"+393483834164",NULL,NULL,NULL,NULL,NULL,NULL,NULL,NULL,NULL,"it","{""defaultLanguage"":""it_IT""}",NULL,NULL,NULL,NULL,NULL,,"1"
"456","visible","customer",NULL,"Giulia","Sotgiu","sotgiugiulia8@gmail.com",NULL,"+393458307385",NULL,NULL,NULL,NULL,NULL,NULL,NULL,NULL,NULL,"it","{""defaultLanguage"":""it_IT""}",NULL,NULL,NULL,NULL,NULL,,"1"
"457","visible","customer",NULL,"Raffaele","Ibba","raf.ibba@live.it",NULL,"+393335734471",NULL,NULL,NULL,NULL,NULL,NULL,NULL,NULL,NULL,"it","{""defaultLanguage"":""it_IT""}",NULL,NULL,NULL,NULL,NULL,,"1"
"458","visible","customer",NULL,"Giovanni","Fraoni","gfraones@gmail.com",NULL,"+393486061984",NULL,NULL,NULL,NULL,NULL,NULL,NULL,NULL,NULL,"it","{""defaultLanguage"":""it_IT""}",NULL,NULL,NULL,NULL,NULL,,"1"
"459","visible","customer",NULL,"Donatella","Sedda","donatellasedda84@gmail.com",NULL,"+393456029977",NULL,NULL,NULL,NULL,NULL,NULL,NULL,NULL,NULL,"it","{""defaultLanguage"":""it_IT""}",NULL,NULL,NULL,NULL,NULL,,"1"
"460","visible","customer",NULL,"teo","alexandru","teot50046@gmail.com",NULL,"+393298022589",NULL,NULL,NULL,NULL,NULL,NULL,NULL,NULL,NULL,"it","{""defaultLanguage"":""it_IT""}",NULL,NULL,NULL,NULL,NULL,,"1"
"461","visible","customer",NULL,"Davide","Fresi","msfediliziaimpianti@gmail.com",NULL,"+393402448465",NULL,NULL,NULL,NULL,NULL,NULL,NULL,NULL,NULL,"it","{""defaultLanguage"":""it_IT""}",NULL,NULL,NULL,NULL,NULL,,"1"
"462","visible","customer",NULL,"Roberta","Catte","catte.roberta11@gmail.com",NULL,"+393471831138",NULL,NULL,NULL,NULL,NULL,NULL,NULL,NULL,NULL,"it","{""defaultLanguage"":""it_IT""}",NULL,NULL,NULL,NULL,NULL,,"1"
"463","visible","customer",NULL,"Giovanni","Catte","queencarsnc@gmail.com",NULL,"+393494972643",NULL,NULL,NULL,NULL,NULL,NULL,NULL,NULL,NULL,"it","{""defaultLanguage"":""it_IT""}",NULL,NULL,NULL,NULL,NULL,,"1"
"464","visible","customer",NULL,"Antonella","Mereu","antonellamereu1965@gmail.com",NULL,"+393471831137",NULL,NULL,NULL,NULL,NULL,NULL,NULL,NULL,NULL,"it","{""defaultLanguage"":""it_IT""}",NULL,NULL,NULL,NULL,NULL,,"1"
"465","visible","customer",NULL,"Maria","Sale","mariasale1954@gmail.com",NULL,"+393207657575",NULL,NULL,NULL,NULL,NULL,NULL,NULL,NULL,NULL,"it","{""defaultLanguage"":""it_IT""}",NULL,NULL,NULL,NULL,NULL,,"1"
"466","visible","customer",NULL,"Fabiola","Castori","castorifabiola@gmail.com",NULL,"+393477872615",NULL,NULL,NULL,NULL,NULL,NULL,NULL,NULL,NULL,"it","{""defaultLanguage"":""it_IT""}",NULL,NULL,NULL,NULL,NULL,,"1"
"467","visible","customer",NULL,"Elisa","Deiana","catte.roberta11@hotmail.it",NULL,"+393519447665",NULL,NULL,NULL,NULL,NULL,NULL,NULL,NULL,NULL,"it","{""defaultLanguage"":""it_IT""}",NULL,NULL,NULL,NULL,NULL,,"1"
"468","visible","customer",NULL,"Caterina","Castori","castoricaterina@gmail.com",NULL,"+393473805902",NULL,NULL,NULL,NULL,NULL,NULL,NULL,NULL,NULL,"it","{""defaultLanguage"":""it_IT""}",NULL,NULL,NULL,NULL,NULL,,"1"
"469","visible","customer",NULL,"Maria serena","Oggianu","mariaserena7366@gmail.com",NULL,"+393381470160",NULL,NULL,NULL,NULL,NULL,NULL,NULL,NULL,NULL,"it","{""defaultLanguage"":""it_IT""}",NULL,NULL,NULL,NULL,NULL,,"1"
"470","visible","customer",NULL,"Nanni","Cardia","Nanni.cardia@gimail.com",NULL,"+393774483518",NULL,NULL,NULL,NULL,NULL,NULL,NULL,NULL,NULL,"it","{""defaultLanguage"":""it_IT""}",NULL,NULL,NULL,NULL,NULL,,"1"
"471","visible","customer",NULL,"Francesca","Fancello","francesca.fancello68@gmail.com",NULL,"+393453488581",NULL,NULL,NULL,NULL,NULL,NULL,NULL,NULL,NULL,"it","{""defaultLanguage"":""it_IT""}",NULL,NULL,NULL,NULL,NULL,,"1"
"472","visible","customer",NULL,"Francesca","Sotgiu","caterinacastori@tiscali.it",NULL,"+393922944201",NULL,NULL,NULL,NULL,NULL,NULL,NULL,NULL,NULL,"it","{""defaultLanguage"":""it_IT""}",NULL,NULL,NULL,NULL,NULL,,"1"
"473","visible","customer",NULL,"Gianni","Manca","faragone74@yahoo.it",NULL,"+393286190667",NULL,NULL,NULL,NULL,NULL,NULL,NULL,NULL,NULL,"it","{""defaultLanguage"":""it_IT""}",NULL,NULL,NULL,NULL,NULL,,"1"
"474","visible","customer",NULL,"Osvaldo Luigi","Melis","omelis@tiscali.it",NULL,"+393294307853",NULL,NULL,NULL,NULL,NULL,NULL,NULL,NULL,NULL,"it","{""defaultLanguage"":""it_IT""}",NULL,NULL,NULL,NULL,NULL,,"1"
"475","visible","customer",NULL,"Giuseppina","Fancello","laprimula2009@live.it",NULL,"+393497729425",NULL,NULL,NULL,NULL,NULL,NULL,NULL,NULL,NULL,"it","{""defaultLanguage"":""it_IT""}",NULL,NULL,NULL,NULL,NULL,,"1"
"476","visible","customer",NULL,"Tiziana","Ferrari","ferrari_tiziana@tiscali.it",NULL,"+393347900775",NULL,NULL,NULL,NULL,NULL,NULL,NULL,NULL,NULL,"it","{""defaultLanguage"":""it_IT""}",NULL,NULL,NULL,NULL,NULL,,"1"
"477","visible","customer",NULL,"Giuseppe","Materazzo","1giuseppe.materazzo@gmail.com",NULL,"+393807908690",NULL,NULL,NULL,NULL,NULL,NULL,NULL,NULL,NULL,"it","{""defaultLanguage"":""it_IT""}",NULL,NULL,NULL,NULL,NULL,,"1"
"478","visible","customer",NULL,"Silvia","Dettori","ilsalumiere.nuoro@gmail.com",NULL,"+393293435703",NULL,NULL,NULL,NULL,NULL,NULL,NULL,NULL,NULL,"it","{""defaultLanguage"":""it_IT""}",NULL,NULL,NULL,NULL,NULL,,"1"
"479","visible","customer",NULL,"Francesca","Solinas","francescasolinas@outlook.it",NULL,"+393471052468",NULL,NULL,NULL,NULL,NULL,NULL,NULL,NULL,NULL,"it","{""defaultLanguage"":""it_IT""}",NULL,NULL,NULL,NULL,NULL,,"1"
"480","visible","customer",NULL,"Angelo","Addis","angeloaddis@live.it",NULL,"+393490886565",NULL,NULL,NULL,NULL,NULL,NULL,NULL,NULL,NULL,"it","{""defaultLanguage"":""it_IT""}",NULL,NULL,NULL,NULL,NULL,,"1"
"481","visible","customer",NULL,"Marcello","Lampis","marcellolampis69@gmail.com",NULL,"+393385235000",NULL,NULL,NULL,NULL,NULL,NULL,NULL,NULL,NULL,"it","{""defaultLanguage"":""it_IT""}",NULL,NULL,NULL,NULL,NULL,,"1"
"482","visible","customer",NULL,"Marcella","Castori","marcella.castori@tiscali.it",NULL,"+393477299211",NULL,NULL,NULL,NULL,NULL,NULL,NULL,NULL,NULL,"it","{""defaultLanguage"":""it_IT""}",NULL,NULL,NULL,NULL,NULL,,"1"
"483","visible","customer",NULL,"MARCO","ZOPPI","m.ZOPPI@LIBERO.IT",NULL,"+393284868932",NULL,NULL,NULL,NULL,NULL,NULL,NULL,NULL,NULL,"it","{""defaultLanguage"":""it_IT""}",NULL,NULL,NULL,NULL,NULL,,"1"
"484","visible","customer",NULL,"Gloria","Meloni","gloriamel@tiscali.it",NULL,"+393494425717",NULL,NULL,NULL,NULL,NULL,NULL,NULL,NULL,NULL,"it","{""defaultLanguage"":""it_IT""}",NULL,NULL,NULL,NULL,NULL,,"1"
"485","visible","customer",NULL,"Laura","Giovoni","Giovonkers@gmail.com",NULL,"+393495447195",NULL,NULL,NULL,NULL,NULL,NULL,NULL,NULL,NULL,"it","{""defaultLanguage"":""it_IT""}",NULL,NULL,NULL,NULL,NULL,,"1"
"486","visible","customer",NULL,"Caterina","Daga","silune81@gmail.com",NULL,"+393498721979",NULL,NULL,NULL,NULL,NULL,NULL,NULL,NULL,NULL,"it","{""defaultLanguage"":""it_IT""}",NULL,NULL,NULL,NULL,NULL,,"1"
"487","visible","customer",NULL,"Elena","Rotaru","princesrl15@gmail.com",NULL,"+393283207599",NULL,NULL,NULL,NULL,NULL,NULL,NULL,NULL,NULL,"it","{""defaultLanguage"":""it_IT""}",NULL,NULL,NULL,NULL,NULL,,"1"
"488","visible","customer",NULL,"Giovanni","Dettori","dettor1998@gmail.com",NULL,"+393405410690",NULL,NULL,NULL,NULL,NULL,NULL,NULL,NULL,NULL,"it","{""defaultLanguage"":""it_IT""}",NULL,NULL,NULL,NULL,NULL,,"1"
"489","visible","customer",NULL,"Daniela","Calabrese","danielacalabrese73@gmail.com",NULL,"+393339882631",NULL,NULL,NULL,NULL,NULL,NULL,NULL,NULL,NULL,"it","{""defaultLanguage"":""it_IT""}",NULL,NULL,NULL,NULL,NULL,,"1"
"490","visible","customer",NULL,"Filippo","Muroni","muroni.filippo@gmail.com",NULL,"+393287022051",NULL,NULL,NULL,NULL,NULL,NULL,NULL,NULL,NULL,"it","{""defaultLanguage"":""it_IT""}",NULL,NULL,NULL,NULL,NULL,,"1"
"491","visible","customer",NULL,"Anna","Dettori","annagavoi@hotmail.it",NULL,"+393472176754",NULL,NULL,NULL,NULL,NULL,NULL,NULL,NULL,NULL,"it","{""defaultLanguage"":""it_IT""}",NULL,NULL,NULL,NULL,NULL,,"1"
"492","visible","customer",NULL,"Massimiliano","Spada","billo_11@tiscali.it",NULL,"+393791073489",NULL,NULL,NULL,NULL,NULL,NULL,NULL,NULL,NULL,"it","{""defaultLanguage"":""it_IT""}",NULL,NULL,NULL,NULL,NULL,,"1"
"493","visible","customer",NULL,"massimo","marras","massimomarras01@gmail.com",NULL,"+393881642132",NULL,NULL,NULL,NULL,NULL,NULL,NULL,NULL,NULL,"it","{""defaultLanguage"":""it_IT""}",NULL,NULL,NULL,NULL,NULL,,"1"
"494","visible","customer",NULL,"Rossana e Mauro","Ledda","rossanaledda67@gmail.com",NULL,"+393293808097",NULL,NULL,NULL,NULL,NULL,NULL,NULL,NULL,NULL,"it","{""defaultLanguage"":""it_IT""}",NULL,NULL,NULL,NULL,NULL,,"1"
"495","visible","customer",NULL,"Ferdinando","Schintu","nandoschintu@tiscali.it",NULL,"+393883412312",NULL,NULL,NULL,NULL,NULL,NULL,NULL,NULL,NULL,"it","{""defaultLanguage"":""it_IT""}",NULL,NULL,NULL,NULL,NULL,,"1"
"496","visible","customer",NULL,"llaria","Conti","ilarianu@yahoo.it",NULL,"+393472557476",NULL,NULL,NULL,NULL,NULL,NULL,NULL,NULL,NULL,"it","{""defaultLanguage"":""it_IT""}",NULL,NULL,NULL,NULL,NULL,,"1"
"497","visible","customer",NULL,"Salvatore","Pinna","salvatorepinna570@gmail.com",NULL,"+393791691796",NULL,NULL,NULL,NULL,NULL,NULL,NULL,NULL,NULL,"it","{""defaultLanguage"":""it_IT""}",NULL,NULL,NULL,NULL,NULL,,"1"
"498","visible","customer",NULL,"Ludovica","Manca","ludovicamanca77@gmail.com",NULL,"+393471068274",NULL,NULL,NULL,NULL,NULL,NULL,NULL,NULL,NULL,"it","{""defaultLanguage"":""it_IT""}",NULL,NULL,NULL,NULL,NULL,,"1"
"499","visible","customer",NULL,"Alessandro","Secchi","alexsebes@hotmail.com",NULL,"+393403119054",NULL,NULL,NULL,NULL,NULL,NULL,NULL,NULL,NULL,"it","{""defaultLanguage"":""it_IT""}",NULL,NULL,NULL,NULL,NULL,,"1"
"500","visible","customer",NULL,"Livia","Consolo","livia.consolo@gmail.com",NULL,"+393313193436",NULL,NULL,NULL,NULL,NULL,NULL,NULL,NULL,NULL,"it","{""defaultLanguage"":""it_IT""}",NULL,NULL,NULL,NULL,NULL,,"1"
"501","visible","customer",NULL,"DANIELA","DERIU","deriudaniela1973@gmail.com",NULL,"+393490833492",NULL,NULL,NULL,NULL,NULL,NULL,NULL,NULL,NULL,"it","{""defaultLanguage"":""it_IT""}",NULL,NULL,NULL,NULL,NULL,,"1"
"502","visible","customer",NULL,"Salvatore","Flore","florefieni@tiscali.it",NULL,"+393400930801",NULL,NULL,NULL,NULL,NULL,NULL,NULL,NULL,NULL,"it","{""defaultLanguage"":""it_IT""}",NULL,NULL,NULL,NULL,NULL,,"1"
"503","visible","customer",NULL,"Antonio","Maccagnola","antonio.maccagnola@gmail.com",NULL,"+393393892026",NULL,NULL,NULL,NULL,NULL,NULL,NULL,NULL,NULL,"it","{""defaultLanguage"":""it_IT""}",NULL,NULL,NULL,NULL,NULL,,"1"
"504","visible","customer",NULL,"Roberta","Puggioni","robertapuggioni72@libero.it",NULL,"+393913421401",NULL,NULL,NULL,NULL,NULL,NULL,NULL,NULL,NULL,"it","{""defaultLanguage"":""it_IT""}",NULL,NULL,NULL,NULL,NULL,,"1"
"505","visible","customer",NULL,"Silvia","Deiana","silviettadeiana@icloud.com",NULL,"+393403081521",NULL,NULL,NULL,NULL,NULL,NULL,NULL,NULL,NULL,"it","{""defaultLanguage"":""it_IT""}",NULL,NULL,NULL,NULL,NULL,,"1"
"506","visible","customer",NULL,"Maria Teresa","Mula","mula.mariateresa0@gmail.com",NULL,"+393409120431",NULL,NULL,NULL,NULL,NULL,NULL,NULL,NULL,NULL,"it","{""defaultLanguage"":""it_IT""}",NULL,NULL,NULL,NULL,NULL,,"1"
"507","visible","customer",NULL,"Angela","piras","angelapiras34@gmail.com",NULL,"+393337606393",NULL,NULL,NULL,NULL,NULL,NULL,NULL,NULL,NULL,"it","{""defaultLanguage"":""it_IT""}",NULL,NULL,NULL,NULL,NULL,,"1"
"508","visible","customer",NULL,"Gianni","Dessolis","gndessolis@tiscali.it",NULL,"+393476535666",NULL,NULL,NULL,NULL,NULL,NULL,NULL,NULL,NULL,"it","{""defaultLanguage"":""it_IT""}",NULL,NULL,NULL,NULL,NULL,,"1"
"509","visible","customer",NULL,"Gianpiera","Piras","gppiras@hotmail.com",NULL,"+393494421368",NULL,NULL,NULL,NULL,NULL,NULL,NULL,NULL,NULL,"it","{""defaultLanguage"":""it_IT""}",NULL,NULL,NULL,NULL,NULL,,"1"
"510","visible","customer",NULL,"Manca","Agata","agamanca@regione.sardegna.it",NULL,"+393494646768",NULL,NULL,NULL,NULL,NULL,NULL,NULL,NULL,NULL,"it","{""defaultLanguage"":""it_IT""}",NULL,NULL,NULL,NULL,NULL,,"1"
"511","visible","customer",NULL,"Pier Luigi","Piu","pierluigi.piu@gmail.com",NULL,"+393403629717",NULL,NULL,NULL,NULL,NULL,NULL,NULL,NULL,NULL,"it","{""defaultLanguage"":""it_IT""}",NULL,NULL,NULL,NULL,NULL,,"1"
"512","visible","customer",NULL,"Cosimo","Verrina","cosimo.verrina@yahoo.it",NULL,"+393486940434",NULL,NULL,NULL,NULL,NULL,NULL,NULL,NULL,NULL,"it","{""defaultLanguage"":""it_IT""}",NULL,NULL,NULL,NULL,NULL,,"1"
"513","visible","customer",NULL,"Angela","Ledda","Angela.ledda78@tiscali.it",NULL,"+393493217290",NULL,NULL,NULL,NULL,NULL,NULL,NULL,NULL,NULL,"it","{""defaultLanguage"":""it_IT""}",NULL,NULL,NULL,NULL,NULL,,"1"
"514","visible","customer",NULL,"Franca","Pintori","gianfrancoloddo7701@gmail.com",NULL,"+393283150577",NULL,NULL,NULL,NULL,NULL,NULL,NULL,NULL,NULL,"it","{""defaultLanguage"":""it_IT""}",NULL,NULL,NULL,NULL,NULL,,"1"
"515","visible","customer",NULL,"giovanni","mocci","mocci.giovannimaria@tiscali.it",NULL,"+393403304567",NULL,NULL,NULL,NULL,NULL,NULL,NULL,NULL,NULL,"it","{""defaultLanguage"":""it_IT""}",NULL,NULL,NULL,NULL,NULL,,"1"
"516","visible","customer",NULL,"Lello","Giudice","a.giudice@hotmail.it",NULL,"+393494525999",NULL,NULL,NULL,NULL,NULL,NULL,NULL,NULL,NULL,"it","{""defaultLanguage"":""it_IT""}",NULL,NULL,NULL,NULL,NULL,,"1"
"517","visible","customer",NULL,"Silvia","Donatini","silviadonatini@tiscali.it",NULL,"+393286138588",NULL,NULL,NULL,NULL,NULL,NULL,NULL,NULL,NULL,"it","{""defaultLanguage"":""it_IT""}",NULL,NULL,NULL,NULL,NULL,,"1"
"518","visible","customer",NULL,"Alessandra","Spanu","alemami78@gmail.com",NULL,"+393403587892",NULL,NULL,NULL,NULL,NULL,NULL,NULL,NULL,NULL,"it","{""defaultLanguage"":""it_IT""}",NULL,NULL,NULL,NULL,NULL,,"1"
"519","visible","customer",NULL,"Adele","Addis","adeleaddis3@gmail.com",NULL,"+393333828205",NULL,NULL,NULL,NULL,NULL,NULL,NULL,NULL,NULL,"it","{""defaultLanguage"":""it_IT""}",NULL,NULL,NULL,NULL,NULL,,"1"
"520","visible","customer",NULL,"francesca","milia","fmsagittario076@gmail.com",NULL,"+393934532104",NULL,NULL,NULL,NULL,NULL,NULL,NULL,NULL,NULL,"it","{""defaultLanguage"":""it_IT""}",NULL,NULL,NULL,NULL,NULL,,"1"
"521","visible","customer",NULL,"Ignazio","Lagioia","lagioiaignazio@gmail.com",NULL,"+393505265877",NULL,NULL,NULL,NULL,NULL,NULL,NULL,NULL,NULL,"it","{""defaultLanguage"":""it_IT""}",NULL,NULL,NULL,NULL,NULL,,"1"
"522","visible","customer",NULL,"Luca","Dechicu","lucadec@gmail.com",NULL,"+393404903193",NULL,NULL,NULL,NULL,NULL,NULL,NULL,NULL,NULL,"it","{""defaultLanguage"":""it_IT""}",NULL,NULL,NULL,NULL,NULL,,"1"
"523","visible","customer",NULL,"Ivo","Trogu","ivotrogu@gmail.com",NULL,"+393496133271",NULL,NULL,NULL,NULL,NULL,NULL,NULL,NULL,NULL,"it","{""defaultLanguage"":""it_IT""}",NULL,NULL,NULL,NULL,NULL,,"1"
"524","visible","customer",NULL,"Marcello","Scarpa","marcello.scarp@gmail.com",NULL,"+393936924633",NULL,NULL,NULL,NULL,NULL,NULL,NULL,NULL,NULL,"it","{""defaultLanguage"":""it_IT""}",NULL,NULL,NULL,NULL,NULL,,"1"
"525","visible","customer",NULL,"Roberto","Trogu","trogu94@gmail.com",NULL,"+393493848358",NULL,NULL,NULL,NULL,NULL,NULL,NULL,NULL,NULL,"it","{""defaultLanguage"":""it_IT""}",NULL,NULL,NULL,NULL,NULL,,"1"
"526","visible","customer",NULL,"Maurizio","Nieddu","maurizinieddu@tiscali.it",NULL,"+393276751489",NULL,NULL,NULL,NULL,NULL,NULL,NULL,NULL,NULL,"it","{""defaultLanguage"":""it_IT""}",NULL,NULL,NULL,NULL,NULL,,"1"
"527","visible","customer",NULL,"Giuseppe","BIE","studioboegiuseppe@gmail.com",NULL,"+393285346110",NULL,NULL,NULL,NULL,NULL,NULL,NULL,NULL,NULL,"it","{""defaultLanguage"":""it_IT""}",NULL,NULL,NULL,NULL,NULL,,"1"
"528","visible","customer",NULL,"Pierpaolo","Marrocu Ortu","cdl.marrocuortu@gmail.com",NULL,"+393349452354",NULL,NULL,NULL,NULL,NULL,NULL,NULL,NULL,NULL,"it","{""defaultLanguage"":""it_IT""}",NULL,NULL,NULL,NULL,NULL,,"1"
"529","visible","customer",NULL,"Mario Giuseppe","Daga","peppedaga@tiscali.it",NULL,"+393274726772",NULL,NULL,NULL,NULL,NULL,NULL,NULL,NULL,NULL,"it","{""defaultLanguage"":""it_IT""}",NULL,NULL,NULL,NULL,NULL,,"1"
"530","visible","customer",NULL,"Marco","Guidi","guidi.marco0308@libero.it",NULL,"+393349630922",NULL,NULL,NULL,NULL,NULL,NULL,NULL,NULL,NULL,"it","{""defaultLanguage"":""it_IT""}",NULL,NULL,NULL,NULL,NULL,,"1"
"531","visible","customer",NULL,"Silvia","Ledda","silvia.ledda@hotmail.it",NULL,"+393387062568",NULL,NULL,NULL,NULL,NULL,NULL,NULL,NULL,NULL,"it","{""defaultLanguage"":""it_IT""}",NULL,NULL,NULL,NULL,NULL,,"1"
"532","visible","customer",NULL,"claudio","sabucci","claudiosabucci4@gmail.com",NULL,"+393284776418",NULL,NULL,NULL,NULL,NULL,NULL,NULL,NULL,NULL,"it","{""defaultLanguage"":""it_IT""}",NULL,NULL,NULL,NULL,NULL,,"1"
"533","visible","customer",NULL,"Ilaria","Urgu","ila.urgu97@gmail.com",NULL,"+393669532015",NULL,NULL,NULL,NULL,NULL,NULL,NULL,NULL,NULL,"it","{""defaultLanguage"":""it_IT""}",NULL,NULL,NULL,NULL,NULL,,"1"
"534","visible","customer",NULL,"Maria Francesca","Bazzu","francescabazzu@virgilio.it",NULL,"+393421574717",NULL,NULL,NULL,NULL,NULL,NULL,NULL,NULL,NULL,"it","{""defaultLanguage"":""it_IT""}",NULL,NULL,NULL,NULL,NULL,,"1"
"535","visible","customer",NULL,"Valentina","Piludu","valepiludu85@gmail.com",NULL,"+393898506910",NULL,NULL,NULL,NULL,NULL,NULL,NULL,NULL,NULL,"it","{""defaultLanguage"":""it_IT""}",NULL,NULL,NULL,NULL,NULL,,"1"
"536","visible","customer",NULL,"Ivan","Cherchi","ivancherchi@icloud.com",NULL,"+393333319783",NULL,NULL,NULL,NULL,NULL,NULL,NULL,NULL,NULL,"it","{""defaultLanguage"":""it_IT""}",NULL,NULL,NULL,NULL,NULL,,"1"
"540","visible","customer",NULL,"Lorenzo","Sanna","sannalorenzo08@gmail.com",NULL,"+393917076045",NULL,NULL,NULL,NULL,NULL,NULL,NULL,NULL,NULL,"it","{""defaultLanguage"":""it_IT""}",NULL,NULL,NULL,NULL,NULL,,"1"
"541","visible","customer",NULL,"Antonello","Ardu","ardu.antonello@gmail.com",NULL,"+393471138031",NULL,NULL,NULL,NULL,NULL,NULL,NULL,NULL,NULL,"it","{""defaultLanguage"":""it_IT""}",NULL,NULL,NULL,NULL,NULL,,"1"
"542","visible","customer",NULL,"Andrea","Meloni","meloniaa01@gmail.com",NULL,"+393481127323",NULL,NULL,NULL,NULL,NULL,NULL,NULL,NULL,NULL,"it","{""defaultLanguage"":""it_IT""}",NULL,NULL,NULL,NULL,NULL,,"1"
"543","visible","customer",NULL,"massimiliano","pintore","pintoreassi@gmail.com",NULL,"+393939579970",NULL,NULL,NULL,NULL,NULL,NULL,NULL,NULL,NULL,"it","{""defaultLanguage"":""it_IT""}",NULL,NULL,NULL,NULL,NULL,,"1"
"544","visible","customer",NULL,"Franco","Frongia","franco.frongia@gmail.com",NULL,"+393297303842",NULL,NULL,NULL,NULL,NULL,NULL,NULL,NULL,NULL,"it","{""defaultLanguage"":""it_IT""}",NULL,NULL,NULL,NULL,NULL,,"1"
"545","visible","customer",NULL,"Anna Rita","Gala","galaar66@gmail.com",NULL,"+393297239304",NULL,NULL,NULL,NULL,NULL,NULL,NULL,NULL,NULL,"it","{""defaultLanguage"":""it_IT""}",NULL,NULL,NULL,NULL,NULL,,"1"
"546","visible","customer",NULL,"Agostina","Sias","agostina.sias77@gmail.com",NULL,"+393515267004",NULL,NULL,NULL,NULL,NULL,NULL,NULL,NULL,NULL,"it","{""defaultLanguage"":""it_IT""}",NULL,NULL,NULL,NULL,NULL,,"1"
"547","visible","customer",NULL,"Manuela","Carta","manuelac07@tiscali.it",NULL,"+393282513318",NULL,NULL,NULL,NULL,NULL,NULL,NULL,NULL,NULL,"it","{""defaultLanguage"":""it_IT""}",NULL,NULL,NULL,NULL,NULL,,"1"
"548","visible","customer",NULL,"francesco","ghisu","francescoghisu@gmail.com",NULL,"+393493237455",NULL,NULL,NULL,NULL,NULL,NULL,NULL,NULL,NULL,"it","{""defaultLanguage"":""it_IT""}",NULL,NULL,NULL,NULL,NULL,,"1"
"549","visible","customer",NULL,"Salvatorica","Mura","muraica17@gmail.com",NULL,"+393493237456",NULL,NULL,NULL,NULL,NULL,NULL,NULL,NULL,NULL,"it","{""defaultLanguage"":""it_IT""}",NULL,NULL,NULL,NULL,NULL,,"1"
"550","visible","customer",NULL,"CHRISTIAN","MURA","dott.mura@gmail.com",NULL,"+393288348502",NULL,NULL,NULL,NULL,NULL,NULL,NULL,NULL,NULL,"it","{""defaultLanguage"":""it_IT""}",NULL,NULL,NULL,NULL,NULL,,"1"
"551","visible","customer",NULL,"FRANCESCO","CAGGIARI","chrismura73@gmail.com",NULL,"+393482202010",NULL,NULL,NULL,NULL,NULL,NULL,NULL,NULL,NULL,"it","{""defaultLanguage"":""it_IT""}",NULL,NULL,NULL,NULL,NULL,,"1"
"552","visible","customer",NULL,"Ramy Leon","Lorenco","ramyleon@gmail.com",NULL,"+393473393920",NULL,NULL,NULL,NULL,NULL,NULL,NULL,NULL,NULL,"it","{""defaultLanguage"":""it_IT""}",NULL,NULL,NULL,NULL,NULL,,"1"
"553","visible","customer",NULL,"Antonio","Caria","antoniocariaoristano@gmail.com",NULL,"+393280551289",NULL,NULL,NULL,NULL,NULL,NULL,NULL,NULL,NULL,"it","{""defaultLanguage"":""it_IT""}",NULL,NULL,NULL,NULL,NULL,,"1"
"554","visible","customer",NULL,"Anna","Piredda","annixeddabella@hotmail.com",NULL,"+393913126798",NULL,NULL,NULL,NULL,NULL,NULL,NULL,NULL,NULL,"it","{""defaultLanguage"":""it_IT""}",NULL,NULL,NULL,NULL,NULL,,"1"
"555","visible","customer",NULL,"Franca","Obinu","di.of.costruzioni.srl@gmail.com",NULL,"+393483867123",NULL,NULL,NULL,NULL,NULL,NULL,NULL,NULL,NULL,"it","{""defaultLanguage"":""it_IT""}",NULL,NULL,NULL,NULL,NULL,,"1"
"556","visible","customer",NULL,"Maria","Mullu","mariamullu@live.it",NULL,"+393203221305",NULL,NULL,NULL,NULL,NULL,NULL,NULL,NULL,NULL,"it","{""defaultLanguage"":""it_IT""}",NULL,NULL,NULL,NULL,NULL,,"1"
"557","visible","customer",NULL,"Stefan","Cabula","stefancabula@gmail.com",NULL,"+393336350156",NULL,NULL,NULL,NULL,NULL,NULL,NULL,NULL,NULL,"it","{""defaultLanguage"":""it_IT""}",NULL,NULL,NULL,NULL,NULL,,"1"
"558","visible","customer",NULL,"Agostina","Lai","ago.conf@gmail.com",NULL,"+393202474789",NULL,NULL,NULL,NULL,NULL,NULL,NULL,NULL,NULL,"it","{""defaultLanguage"":""it_IT""}",NULL,NULL,NULL,NULL,NULL,,"1"
"559","visible","customer",NULL,"Sebastiano","Mastinu","sebastianomastinu@gmail.com",NULL,"+393335303822",NULL,NULL,NULL,NULL,NULL,NULL,NULL,NULL,NULL,"it","{""defaultLanguage"":""it_IT""}",NULL,NULL,NULL,NULL,NULL,,"1"
"560","visible","customer",NULL,"Daniele","Tilocca","danieletil1997@gmail.com",NULL,"+393298261580",NULL,NULL,NULL,NULL,NULL,NULL,NULL,NULL,NULL,"it","{""defaultLanguage"":""it_IT""}",NULL,NULL,NULL,NULL,NULL,,"1"
"561","visible","customer",NULL,"Mariangela","Daga","dagamariangela@gmail.com",NULL,"+393337598392",NULL,NULL,NULL,NULL,NULL,NULL,NULL,NULL,NULL,"it","{""defaultLanguage"":""it_IT""}",NULL,NULL,NULL,NULL,NULL,,"1"
"562","visible","customer",NULL,"Franca","Mura","francamura50@gmail.com",NULL,"+393383908962",NULL,NULL,NULL,NULL,NULL,NULL,NULL,NULL,NULL,"it","{""defaultLanguage"":""it_IT""}",NULL,NULL,NULL,NULL,NULL,,"1"
"563","visible","customer",NULL,"Immacolata","Naitana","ziabombi@gmail.com",NULL,"+393477089766",NULL,NULL,NULL,NULL,NULL,NULL,NULL,NULL,NULL,"it","{""defaultLanguage"":""it_IT""}",NULL,NULL,NULL,NULL,NULL,,"1"
"564","visible","customer",NULL,"cecilia","casula","ceciliacasula@gmail.com",NULL,"+393770905583",NULL,NULL,NULL,NULL,NULL,NULL,NULL,NULL,NULL,"it","{""defaultLanguage"":""it_IT""}",NULL,NULL,NULL,NULL,NULL,,"1"
"565","visible","customer",NULL,"Jutta","Traenkle","lichtpunkte@gmx.com",NULL,"+491632644500",NULL,NULL,NULL,NULL,NULL,NULL,NULL,NULL,NULL,"de","{""defaultLanguage"":""it_IT""}",NULL,NULL,NULL,NULL,NULL,,"1"
"566","visible","customer",NULL,"Beatrice","Frongia","beatrice01.frongia@gmail.com",NULL,"+393457019059",NULL,NULL,NULL,NULL,NULL,NULL,NULL,NULL,NULL,"it","{""defaultLanguage"":""it_IT""}",NULL,NULL,NULL,NULL,NULL,,"1"
"567","visible","customer",NULL,"Monica","Loi","monicaloi.1211@gmail.com",NULL,"+393913738654",NULL,NULL,NULL,NULL,NULL,NULL,NULL,NULL,NULL,"it","{""defaultLanguage"":""it_IT""}",NULL,NULL,NULL,NULL,NULL,,"1"
"568","visible","customer",NULL,"luisa","puddighinu","puddighinuluisa51@gmail.com",NULL,"+393398104860",NULL,NULL,NULL,NULL,NULL,NULL,NULL,NULL,NULL,"it","{""defaultLanguage"":""it_IT""}",NULL,NULL,NULL,NULL,NULL,,"1"
"569","visible","customer",NULL,"Fabiana","Cugusi","fabianacugusi@gmail.com",NULL,"+393480937848",NULL,NULL,NULL,NULL,NULL,NULL,NULL,NULL,NULL,"it","{""defaultLanguage"":""it_IT""}",NULL,NULL,NULL,NULL,NULL,,"1"
"571","visible","customer",NULL,"Maria Lucia","Are","acaratzu@hotmail.com",NULL,"+393454677776",NULL,NULL,NULL,NULL,NULL,NULL,NULL,NULL,NULL,"it","{""defaultLanguage"":""it_IT""}",NULL,NULL,NULL,NULL,NULL,,"1"
"572","visible","customer",NULL,"Francesco","Scanu","Studiofs@tiscali.it",NULL,"+393294324002",NULL,NULL,NULL,NULL,NULL,NULL,NULL,NULL,NULL,"it","{""defaultLanguage"":""it_IT""}",NULL,NULL,NULL,NULL,NULL,,"1"
"573","visible","customer",NULL,"Alessia","Scanu","alessiascanu98@tiscali.it",NULL,"+393472176792",NULL,NULL,NULL,NULL,NULL,NULL,NULL,NULL,NULL,"it","{""defaultLanguage"":""it_IT""}",NULL,NULL,NULL,NULL,NULL,,"1"
"574","visible","customer",NULL,"Claudio","Pinna","c.pinna84@gmail.com",NULL,"+393477730972",NULL,NULL,NULL,NULL,NULL,NULL,NULL,NULL,NULL,"it","{""defaultLanguage"":""it_IT""}",NULL,NULL,NULL,NULL,NULL,,"1"
"575","visible","customer",NULL,"Roberto","Scanu","robberto.scanu@gmail.com",NULL,"+393500977790",NULL,NULL,NULL,NULL,NULL,NULL,NULL,NULL,NULL,"it","{""defaultLanguage"":""it_IT""}",NULL,NULL,NULL,NULL,NULL,,"1"
"576","visible","customer",NULL,"Anna franca","Ortu","annafrancaortu@gmail.com",NULL,"+393402418454",NULL,NULL,NULL,NULL,NULL,NULL,NULL,NULL,NULL,"it","{""defaultLanguage"":""it_IT""}",NULL,NULL,NULL,NULL,NULL,,"1"
"577","visible","customer",NULL,"Roberta","Maicu","maicu.roberta@gmail.com",NULL,"+393495730852",NULL,NULL,NULL,NULL,NULL,NULL,NULL,NULL,NULL,"it","{""defaultLanguage"":""it_IT""}",NULL,NULL,NULL,NULL,NULL,,"1"
"578","visible","customer",NULL,"Fabio","Bosu","fabio.bosu@ymail.com",NULL,"+393476043594",NULL,NULL,NULL,NULL,NULL,NULL,NULL,NULL,NULL,"it","{""defaultLanguage"":""it_IT""}",NULL,NULL,NULL,NULL,NULL,,"1"
"579","visible","customer",NULL,"Danilo","Scintu","sci.dany@tiscali.it",NULL,"+393493820959",NULL,NULL,NULL,NULL,NULL,NULL,NULL,NULL,NULL,"it","{""defaultLanguage"":""it_IT""}",NULL,NULL,NULL,NULL,NULL,,"1"
"580","visible","customer",NULL,"Ilaria","Deriu","ilariaderiu.73@gmail.com",NULL,"+393280707363",NULL,NULL,NULL,NULL,NULL,NULL,NULL,NULL,NULL,"it","{""defaultLanguage"":""it_IT""}",NULL,NULL,NULL,NULL,NULL,,"1"
"581","visible","customer",NULL,"Michele","Cossu","michecossu@tiscali.it",NULL,"+393471460963",NULL,NULL,NULL,NULL,NULL,NULL,NULL,NULL,NULL,"it","{""defaultLanguage"":""it_IT""}",NULL,NULL,NULL,NULL,NULL,,"1"
"582","visible","customer",NULL,"Salvatore","Filomena","f.tore@tiscali.it",NULL,"+393701000381",NULL,NULL,NULL,NULL,NULL,NULL,NULL,NULL,NULL,"it","{""defaultLanguage"":""it_IT""}",NULL,NULL,NULL,NULL,NULL,,"1"
"583","visible","customer",NULL,"Patrizia","Virdis","patrizia.virdis2012@gmail.com",NULL,"+393770995470",NULL,NULL,NULL,NULL,NULL,NULL,NULL,NULL,NULL,"it","{""defaultLanguage"":""it_IT""}",NULL,NULL,NULL,NULL,NULL,,"1"
"584","visible","customer",NULL,"Oscar","Appeddu","oscarappeddu@gmail.com",NULL,"+393287561600",NULL,NULL,NULL,NULL,NULL,NULL,NULL,NULL,NULL,"it","{""defaultLanguage"":""it_IT""}",NULL,NULL,NULL,NULL,NULL,,"1"
"585","visible","customer",NULL,"Raffaele","Piras","raffpiras@69gmail.com",NULL,"+393791737670",NULL,NULL,NULL,NULL,NULL,NULL,NULL,NULL,NULL,"it","{""defaultLanguage"":""it_IT""}",NULL,NULL,NULL,NULL,NULL,,"1"
"586","visible","customer",NULL,"Marco","Mura","marcomura60@gmail.com",NULL,"+393284553537",NULL,NULL,NULL,NULL,NULL,NULL,NULL,NULL,NULL,"it","{""defaultLanguage"":""it_IT""}",NULL,NULL,NULL,NULL,NULL,,"1"
"587","visible","customer",NULL,"Barbara","Fenu","b.fenu72@tiscali.it",NULL,"+393294177733",NULL,NULL,NULL,NULL,NULL,NULL,NULL,NULL,NULL,"it","{""defaultLanguage"":""it_IT""}",NULL,NULL,NULL,NULL,NULL,,"1"
"588","visible","customer",NULL,"Massimiliano","Mele","cuorecarsico@gmail.com",NULL,"+393286028995",NULL,NULL,NULL,NULL,NULL,NULL,NULL,NULL,NULL,"it","{""defaultLanguage"":""it_IT""}",NULL,NULL,NULL,NULL,NULL,,"1"
"589","visible","customer",NULL,"Massimo","Pibiri","pibirino@gmail.com",NULL,"+393285950850",NULL,NULL,NULL,NULL,NULL,NULL,NULL,NULL,NULL,"it","{""defaultLanguage"":""it_IT""}",NULL,NULL,NULL,NULL,NULL,,"1"
"590","visible","customer",NULL,"Sandro","Campora","murrumic@gmail.com",NULL,"+393492874603",NULL,NULL,NULL,NULL,NULL,NULL,NULL,NULL,NULL,"it","{""defaultLanguage"":""it_IT""}",NULL,NULL,NULL,NULL,NULL,,"1"
"591","visible","customer",NULL,"Stefano","Machiavelli","eccoqua@gmail.com",NULL,"+393406619209",NULL,NULL,NULL,NULL,NULL,NULL,NULL,NULL,NULL,"it","{""defaultLanguage"":""it_IT""}",NULL,NULL,NULL,NULL,NULL,,"1"
"592","visible","customer",NULL,"MARIO FRANCO","FARA","mario.fara62@gmail.com",NULL,"+393332698857",NULL,NULL,NULL,NULL,NULL,NULL,NULL,NULL,NULL,"it","{""defaultLanguage"":""it_IT""}",NULL,NULL,NULL,NULL,NULL,,"1"
"593","visible","customer",NULL,"Roberta","Pala","twentyl76@hotmail.com",NULL,"+393886527272",NULL,NULL,NULL,NULL,NULL,NULL,NULL,NULL,NULL,"it","{""defaultLanguage"":""it_IT""}",NULL,NULL,NULL,NULL,NULL,,"1"
"594","visible","customer",NULL,"Antonio","Carta","coimbra5@tiscali.it",NULL,"+393886527136",NULL,NULL,NULL,NULL,NULL,NULL,NULL,NULL,NULL,"it","{""defaultLanguage"":""it_IT""}",NULL,NULL,NULL,NULL,NULL,,"1"
"595","visible","customer",NULL,"Maria sofia","serra","mariasofiaserra168@gmail.com",NULL,"+393473070756",NULL,NULL,NULL,NULL,NULL,NULL,NULL,NULL,NULL,"it","{""defaultLanguage"":""it_IT""}",NULL,NULL,NULL,NULL,NULL,,"1"
"596","visible","customer",NULL,"Erika","Meles","erikameles@tiscali.it",NULL,"+393405967481",NULL,NULL,NULL,NULL,NULL,NULL,NULL,NULL,NULL,"it","{""defaultLanguage"":""it_IT""}",NULL,NULL,NULL,NULL,NULL,,"1"
"597","visible","customer",NULL,"Laura","Manca","sotgiustore3@gmail.com",NULL,"+393479563770",NULL,NULL,NULL,NULL,NULL,NULL,NULL,NULL,NULL,"it","{""defaultLanguage"":""it_IT""}",NULL,NULL,NULL,NULL,NULL,,"1"
"608","visible","customer",NULL,"Pietrino","Atzori","atzori.pietrino@libero.it",NULL,"+393409796193",NULL,NULL,NULL,NULL,NULL,NULL,NULL,NULL,NULL,"it","{""defaultLanguage"":""it_IT""}",NULL,NULL,NULL,NULL,NULL,,"1"
"609","visible","customer",NULL,"Mattia","Fenu","mattiafenu93@hotmail.com",NULL,"+393792473280",NULL,NULL,NULL,NULL,NULL,NULL,NULL,NULL,NULL,"it","{""defaultLanguage"":""it_IT""}",NULL,NULL,NULL,NULL,NULL,,"1"
"610","visible","customer",NULL,"Angelo","Carcione","angelo_carcione@hotmail.com",NULL,"+393339433177",NULL,NULL,NULL,NULL,NULL,NULL,NULL,NULL,NULL,"it","{""defaultLanguage"":""it_IT""}",NULL,NULL,NULL,NULL,NULL,,"1"
"611","visible","customer",NULL,"Salvatorina","Uras","urasalvatorina@tiscali.it",NULL,"+393477547157",NULL,NULL,NULL,NULL,NULL,NULL,NULL,NULL,NULL,"it","{""defaultLanguage"":""it_IT""}",NULL,NULL,NULL,NULL,NULL,,"1"
"612","visible","customer",NULL,"Valentino","Pani","valentinopani974@gmail.com",NULL,"+393385990577",NULL,NULL,NULL,NULL,NULL,NULL,NULL,NULL,NULL,"it","{""defaultLanguage"":""it_IT""}",NULL,NULL,NULL,NULL,NULL,,"1"
"613","visible","customer",NULL,"Matteo","Flore","matteo_94@tiscali.it",NULL,"+393311528081",NULL,NULL,NULL,NULL,NULL,NULL,NULL,NULL,NULL,"it","{""defaultLanguage"":""it_IT""}",NULL,NULL,NULL,NULL,NULL,,"1"
"614","visible","customer",NULL,"Davide","Cinà","salvatorecina82@gmail.com",NULL,"+393397553721",NULL,NULL,NULL,NULL,NULL,NULL,NULL,NULL,NULL,"it","{""defaultLanguage"":""it_IT""}",NULL,NULL,NULL,NULL,NULL,,"1"
"615","visible","customer",NULL,"Natalina","Pischedda","salvo82.cina@tiscali.it",NULL,"+393494076153",NULL,NULL,NULL,NULL,NULL,NULL,NULL,NULL,NULL,"it","{""defaultLanguage"":""it_IT""}",NULL,NULL,NULL,NULL,NULL,,"1"
"616","visible","customer",NULL,"Giampiero","Carrus","Kalisperaspera@gmail.com",NULL,"+393471788038",NULL,NULL,NULL,NULL,NULL,NULL,NULL,NULL,NULL,"it","{""defaultLanguage"":""it_IT""}",NULL,NULL,NULL,NULL,NULL,,"1"
"617","visible","customer",NULL,"Monica","Mele","monica.mele765@tiscali.it",NULL,"+393930637960",NULL,NULL,NULL,NULL,NULL,NULL,NULL,NULL,NULL,"it","{""defaultLanguage"":""it_IT""}",NULL,NULL,NULL,NULL,NULL,,"1"
"618","visible","customer",NULL,"Chiara","Fresu","chiarafresu10@gmail.com",NULL,"+393668740442",NULL,NULL,NULL,NULL,NULL,NULL,NULL,NULL,NULL,"it","{""defaultLanguage"":""it_IT""}",NULL,NULL,NULL,NULL,NULL,,"1"
"619","visible","customer",NULL,"manuela","melis","manuelamelis73@gmail.com",NULL,"+393894649667",NULL,NULL,NULL,NULL,NULL,NULL,NULL,NULL,NULL,"it","{""defaultLanguage"":""it_IT""}",NULL,NULL,NULL,NULL,NULL,,"1"
"620","visible","customer",NULL,"Edoardo","Morittu","morittuedoardo@tiscali.it",NULL,"+393398575514",NULL,NULL,NULL,NULL,NULL,NULL,NULL,NULL,NULL,"it","{""defaultLanguage"":""it_IT""}",NULL,NULL,NULL,NULL,NULL,,"1"
"621","visible","customer",NULL,"Laura","Garau","lauragarau@hotmail.it",NULL,"+393510396531",NULL,NULL,NULL,NULL,NULL,NULL,NULL,NULL,NULL,"it","{""defaultLanguage"":""it_IT""}",NULL,NULL,NULL,NULL,NULL,,"1"
"622","visible","customer",NULL,"Tino","Deriu","costantinoderiu@yahoo.it",NULL,"+393487391428",NULL,NULL,NULL,NULL,NULL,NULL,NULL,NULL,NULL,"it","{""defaultLanguage"":""it_IT""}",NULL,NULL,NULL,NULL,NULL,,"1"
"623","visible","customer",NULL,"Ester","Onnis","esteronnis64@gmail.com",NULL,"+393349402908",NULL,NULL,NULL,NULL,NULL,NULL,NULL,NULL,NULL,"it","{""defaultLanguage"":""it_IT""}",NULL,NULL,NULL,NULL,NULL,,"1"
"624","visible","customer",NULL,"Silvia","Congia","gattanera70@gmail.com",NULL,"+393403041142",NULL,NULL,NULL,NULL,NULL,NULL,NULL,NULL,NULL,"it","{""defaultLanguage"":""it_IT""}",NULL,NULL,NULL,NULL,NULL,,"1"
"625","visible","customer",NULL,"Marcias","Sandra","sa.marcias@gmail.com",NULL,"+32479348887",NULL,NULL,NULL,NULL,NULL,NULL,NULL,NULL,NULL,"be","{""defaultLanguage"":""it_IT""}",NULL,NULL,NULL,NULL,NULL,,"1"
"626","visible","customer",NULL,"Francesca","Deriu","francesca.deriu75@tiscali.it",NULL,"+393290106802",NULL,NULL,NULL,NULL,NULL,NULL,NULL,NULL,NULL,"it","{""defaultLanguage"":""it_IT""}",NULL,NULL,NULL,NULL,NULL,,"1"
"627","visible","customer",NULL,"Monica","Arca","arcax3@tiscali.it",NULL,"+393478853318",NULL,NULL,NULL,NULL,NULL,NULL,NULL,NULL,NULL,"it","{""defaultLanguage"":""it_IT""}",NULL,NULL,NULL,NULL,NULL,,"1"
"628","visible","customer",NULL,"Mara","Dessena","mara.dessena@gmail.com",NULL,"+393400677066",NULL,NULL,NULL,NULL,NULL,NULL,NULL,NULL,NULL,"it","{""defaultLanguage"":""it_IT""}",NULL,NULL,NULL,NULL,NULL,,"1"
"629","visible","customer",NULL,"Cristiana","Dessì","cridessi@hotmail.com",NULL,"+393457219004",NULL,NULL,NULL,NULL,NULL,NULL,NULL,NULL,NULL,"it","{""defaultLanguage"":""it_IT""}",NULL,NULL,NULL,NULL,NULL,,"1"
"630","visible","customer",NULL,"Stefania","Runchina","meileste@yahoo.it",NULL,"+393668323691",NULL,NULL,NULL,NULL,NULL,NULL,NULL,NULL,NULL,"it","{""defaultLanguage"":""it_IT""}",NULL,NULL,NULL,NULL,NULL,,"1"
"631","visible","customer",NULL,"Jonathan","Clyne","bretorp@gmail.com",NULL,"+393792362520",NULL,NULL,NULL,NULL,NULL,NULL,NULL,NULL,NULL,"it","{""defaultLanguage"":""it_IT""}",NULL,NULL,NULL,NULL,NULL,,"1"
"632","visible","customer",NULL,"Anna","Reisch","anna.reisch@posteo.de",NULL,"+4917662832777",NULL,NULL,NULL,NULL,NULL,NULL,NULL,NULL,NULL,"de","{""defaultLanguage"":""it_IT""}",NULL,NULL,NULL,NULL,NULL,,"1"
"633","visible","customer",NULL,"Lena","Clyne","lenahannoclyne@gmail.com",NULL,"+393792283766",NULL,NULL,NULL,NULL,NULL,NULL,NULL,NULL,NULL,"it","{""defaultLanguage"":""it_IT""}",NULL,NULL,NULL,NULL,NULL,,"1"
"634","visible","customer",NULL,"Giulia","Barbarino","giuliibarbarino@gmail.com",NULL,"+393403845781",NULL,NULL,NULL,NULL,NULL,NULL,NULL,NULL,NULL,"it","{""defaultLanguage"":""it_IT""}",NULL,NULL,NULL,NULL,NULL,,"1"
"635","visible","customer",NULL,"daniele","muretti","murettidaniele12@gmail.com",NULL,"+393286135158",NULL,NULL,NULL,NULL,NULL,NULL,NULL,NULL,NULL,"it","{""defaultLanguage"":""it_IT""}",NULL,NULL,NULL,NULL,NULL,,"1"
"636","visible","customer",NULL,"Maria Antonietta","Nicelli","marinic1963@tiscali.it",NULL,"+393348939212",NULL,NULL,NULL,NULL,NULL,NULL,NULL,NULL,NULL,"it","{""defaultLanguage"":""it_IT""}",NULL,NULL,NULL,NULL,NULL,,"1"
"637","visible","customer",NULL,"Antonella","Morittu","antomorittu1961@gmail.com",NULL,"+393288727849",NULL,NULL,NULL,NULL,NULL,NULL,NULL,NULL,NULL,"it","{""defaultLanguage"":""it_IT""}",NULL,NULL,NULL,NULL,NULL,,"1"
"638","visible","customer",NULL,"Alberto","Corbu","albco@tiscali.it",NULL,"+393387482668",NULL,NULL,NULL,NULL,NULL,NULL,NULL,NULL,NULL,"it","{""defaultLanguage"":""it_IT""}",NULL,NULL,NULL,NULL,NULL,,"1"
"639","visible","customer",NULL,"Maddalena","Solinas","msol@live.it",NULL,"+393285843933",NULL,NULL,NULL,NULL,NULL,NULL,NULL,NULL,NULL,"it","{""defaultLanguage"":""it_IT""}",NULL,NULL,NULL,NULL,NULL,,"1"
"640","visible","customer",NULL,"Ileana","Casu","ileanac56@libero.it",NULL,"+393451786924",NULL,NULL,NULL,NULL,NULL,NULL,NULL,NULL,NULL,"it","{""defaultLanguage"":""it_IT""}",NULL,NULL,NULL,NULL,NULL,,"1"
"641","visible","customer",NULL,"Antonio","Uda","scorpion23101986@gmail.com",NULL,"+393406147705",NULL,NULL,NULL,NULL,NULL,NULL,NULL,NULL,NULL,"it","{""defaultLanguage"":""it_IT""}",NULL,NULL,NULL,NULL,NULL,,"1"
"642","visible","customer",NULL,"Emanuela","Salaris","emanuelasalaris@tiscali.it",NULL,"+393288695115",NULL,NULL,NULL,NULL,NULL,NULL,NULL,NULL,NULL,"it","{""defaultLanguage"":""it_IT""}",NULL,NULL,NULL,NULL,NULL,,"1"
"643","visible","customer",NULL,"Anna Paola","Oppo","paolaoppo@tiscali.it",NULL,"+393405034458",NULL,NULL,NULL,NULL,NULL,NULL,NULL,NULL,NULL,"it","{""defaultLanguage"":""it_IT""}",NULL,NULL,NULL,NULL,NULL,,"1"
"652","visible","customer",NULL,"Gaspare","Spadaro","rino.spadaro@gmail.com",NULL,"+393784027778",NULL,NULL,NULL,NULL,NULL,NULL,NULL,NULL,NULL,"it","{""defaultLanguage"":""it_IT""}",NULL,NULL,NULL,NULL,NULL,,"1"
"653","visible","customer",NULL,"Maurizio","Piredda","piredda.maurizio98@gmail.com",NULL,"+393791311889",NULL,NULL,NULL,NULL,NULL,NULL,NULL,NULL,NULL,"it","{""defaultLanguage"":""it_IT""}",NULL,NULL,NULL,NULL,NULL,,"1"
"654","visible","customer",NULL,"Maria Rimedia","Manca","mariarimediamanca@gmai.com",NULL,"+393336190534",NULL,NULL,NULL,NULL,NULL,NULL,NULL,NULL,NULL,"it","{""defaultLanguage"":""it_IT""}",NULL,NULL,NULL,NULL,NULL,,"1"
"655","visible","customer",NULL,"Biagio","Pau","biagio12p@gmail.com",NULL,"+393284767792",NULL,NULL,NULL,NULL,NULL,NULL,NULL,NULL,NULL,"it","{""defaultLanguage"":""it_IT""}",NULL,NULL,NULL,NULL,NULL,,"1"
"656","visible","customer",NULL,"Antonio Diego","Manca","ad66manca@gmail.com",NULL,"+393384171443",NULL,NULL,NULL,NULL,NULL,NULL,NULL,NULL,NULL,"it","{""defaultLanguage"":""it_IT""}",NULL,NULL,NULL,NULL,NULL,,"1"
"657","visible","customer",NULL,"Antonella","Casu","prof.casu@gmail.com",NULL,"+393293150681",NULL,NULL,NULL,NULL,NULL,NULL,NULL,NULL,NULL,"it","{""defaultLanguage"":""it_IT""}",NULL,NULL,NULL,NULL,NULL,,"1"
"658","visible","customer",NULL,"Carla","Atzori","prof.atzori@gmail.com",NULL,"+39 347 385 4366",NULL,NULL,NULL,NULL,NULL,NULL,NULL,NULL,NULL,"it","{""defaultLanguage"":""it_IT""}",NULL,NULL,NULL,NULL,NULL,,"1"
"659","visible","customer",NULL,"Rosanna","Maccis","rosanna.maccis@asloristano.it",NULL,"+393496634592",NULL,NULL,NULL,NULL,NULL,NULL,NULL,NULL,NULL,"it","{""defaultLanguage"":""it_IT""}",NULL,NULL,NULL,NULL,NULL,,"1"
"660","visible","customer",NULL,"Ottavio","Meles","ottaviomeles@gmail.com",NULL,"+393406634797",NULL,NULL,NULL,NULL,NULL,NULL,NULL,NULL,NULL,"it","{""defaultLanguage"":""it_IT""}",NULL,NULL,NULL,NULL,NULL,,"1"
"661","visible","customer",NULL,"Nanni","Fenu","nannifenu60@gmail.com",NULL,"+393485451062",NULL,NULL,NULL,NULL,NULL,NULL,NULL,NULL,NULL,"it","{""defaultLanguage"":""it_IT""}",NULL,NULL,NULL,NULL,NULL,,"1"
"662","visible","customer",NULL,"Maurizio","Madoti","mauryxio69@tiscali.it",NULL,"+393426120142",NULL,NULL,NULL,NULL,NULL,NULL,NULL,NULL,NULL,"it","{""defaultLanguage"":""it_IT""}",NULL,NULL,NULL,NULL,NULL,,"1"
"663","visible","customer",NULL,"Ilaria","Barbarino","ilabarbarino@gmail.com",NULL,"+393402954566",NULL,NULL,NULL,NULL,NULL,NULL,NULL,NULL,NULL,"it","{""defaultLanguage"":""it_IT""}",NULL,NULL,NULL,NULL,NULL,,"1"
"664","visible","customer",NULL,"Simona","Deriu","simona.deriu@tiscali.it",NULL,"+393477056794",NULL,NULL,NULL,NULL,NULL,NULL,NULL,NULL,NULL,"it","{""defaultLanguage"":""it_IT""}",NULL,NULL,NULL,NULL,NULL,,"1"
"665","visible","customer",NULL,"Mara","MANUNTA","mara.manunta@gmail.com",NULL,"+393288718901",NULL,NULL,NULL,NULL,NULL,NULL,NULL,NULL,NULL,"it","{""defaultLanguage"":""it_IT""}",NULL,NULL,NULL,NULL,NULL,,"1"
"666","visible","customer",NULL,"Antonio","Mura","miurantonio@tiscali.it",NULL,"+393498312404",NULL,NULL,NULL,NULL,NULL,NULL,NULL,NULL,NULL,"it","{""defaultLanguage"":""it_IT""}",NULL,NULL,NULL,NULL,NULL,,"1"
"667","visible","customer",NULL,"Marco","Mugoni","reyes9@hotmail.it",NULL,"+393405965662",NULL,NULL,NULL,NULL,NULL,NULL,NULL,NULL,NULL,"it","{""defaultLanguage"":""it_IT""}",NULL,NULL,NULL,NULL,NULL,,"1"
"668","visible","customer",NULL,"GIOVANNA","DERIU","giovannamariaderiu@gmail.com",NULL,"+393294079981",NULL,NULL,NULL,NULL,NULL,NULL,NULL,NULL,NULL,"it","{""defaultLanguage"":""it_IT""}",NULL,NULL,NULL,NULL,NULL,,"1"
"669","visible","customer",NULL,"Antonella","Deriu","lella.deriu@gmail.com",NULL,"+393332590401",NULL,NULL,NULL,NULL,NULL,NULL,NULL,NULL,NULL,"it","{""defaultLanguage"":""it_IT""}",NULL,NULL,NULL,NULL,NULL,,"1"
"670","visible","customer",NULL,"Enrico","Cuozzo","enricocuz@tiscsli.it",NULL,"+393382781950",NULL,NULL,NULL,NULL,NULL,NULL,NULL,NULL,NULL,"it","{""defaultLanguage"":""it_IT""}",NULL,NULL,NULL,NULL,NULL,,"1"
"671","visible","customer",NULL,"Salvatore","Pinna","tore1954pinna@gmail.com",NULL,"+393283663260",NULL,NULL,NULL,NULL,NULL,NULL,NULL,NULL,NULL,"it","{""defaultLanguage"":""it_IT""}",NULL,NULL,NULL,NULL,NULL,,"1"
"672","visible","customer",NULL,"Giannina","Caggiari","gicag@tiscali.it",NULL,"+393474811917",NULL,NULL,NULL,NULL,NULL,NULL,NULL,NULL,NULL,"it","{""defaultLanguage"":""it_IT""}",NULL,NULL,NULL,NULL,NULL,,"1"
"673","visible","customer",NULL,"Giacomo","Pisanu","giacomo.pisanu86@gmail.com",NULL,"+393465340763",NULL,NULL,NULL,NULL,NULL,NULL,NULL,NULL,NULL,"it","{""defaultLanguage"":""it_IT""}",NULL,NULL,NULL,NULL,NULL,,"1"
"674","visible","customer",NULL,"Sonia","fancello","sonia.fancello@live.it",NULL,"+393480964273",NULL,NULL,NULL,NULL,NULL,NULL,NULL,NULL,NULL,"it","{""defaultLanguage"":""it_IT""}",NULL,NULL,NULL,NULL,NULL,,"1"
"675","visible","customer",NULL,"Luisa","Palmas","luisapalmas75@tiscali.it",NULL,"+393471775111",NULL,NULL,NULL,NULL,NULL,NULL,NULL,NULL,NULL,"it","{""defaultLanguage"":""it_IT""}",NULL,NULL,NULL,NULL,NULL,,"1"
"676","visible","customer",NULL,"Jan","Duszynski","duszynski31@gmail.com",NULL,"+48601991691",NULL,NULL,NULL,NULL,NULL,NULL,NULL,NULL,NULL,"pl","{""defaultLanguage"":""it_IT""}",NULL,NULL,NULL,NULL,NULL,,"1"
"677","visible","customer",NULL,"Nicolino","Cannas","nicolinocannas69@gmail.com",NULL,"+393288911327",NULL,NULL,NULL,NULL,NULL,NULL,NULL,NULL,NULL,"it","{""defaultLanguage"":""it_IT""}",NULL,NULL,NULL,NULL,NULL,,"1"
"678","visible","customer",NULL,"Simonetta","Masala","artebianca.bortigali@gmail.com",NULL,"+393201763721",NULL,NULL,NULL,NULL,NULL,NULL,NULL,NULL,NULL,"it","{""defaultLanguage"":""it_IT""}",NULL,NULL,NULL,NULL,NULL,,"1"
"679","visible","customer",NULL,"Agustina","Marchetta","agustinamarchetta27@gmail.com",NULL,"+393446924012",NULL,NULL,NULL,NULL,NULL,NULL,NULL,NULL,NULL,"it","{""defaultLanguage"":""it_IT""}",NULL,NULL,NULL,NULL,NULL,,"1"
"680","visible","customer",NULL,"Manuela","Cotzia","cuglieri@tiscali.it",NULL,"+393404904497",NULL,NULL,NULL,NULL,NULL,NULL,NULL,NULL,NULL,"it","{""defaultLanguage"":""it_IT""}",NULL,NULL,NULL,NULL,NULL,,"1"
"681","visible","customer",NULL,"Andrea","Piras","andreamauser@gmail.com",NULL,"+393283367897",NULL,NULL,NULL,NULL,NULL,NULL,NULL,NULL,NULL,"it","{""defaultLanguage"":""it_IT""}",NULL,NULL,NULL,NULL,NULL,,"1"
"682","visible","customer",NULL,"TORE","Cossu","toresilanus@tiscali.it",NULL,"+393924731768",NULL,NULL,NULL,NULL,NULL,NULL,NULL,NULL,NULL,"it","{""defaultLanguage"":""it_IT""}",NULL,NULL,NULL,NULL,NULL,,"1"
"683","visible","customer",NULL,"Irene","Murru","murru.irene@gmail.com",NULL,"+393406214669",NULL,NULL,NULL,NULL,NULL,NULL,NULL,NULL,NULL,"it","{""defaultLanguage"":""it_IT""}",NULL,NULL,NULL,NULL,NULL,,"1"
"684","visible","customer",NULL,"Giuseppe","Bichiri","giuseppe.bichiri@tiscali.it",NULL,"+393205791007",NULL,NULL,NULL,NULL,NULL,NULL,NULL,NULL,NULL,"it","{""defaultLanguage"":""it_IT""}",NULL,NULL,NULL,NULL,NULL,,"1"
"685","visible","customer",NULL,"Walter","dettori","dettoriwalter@gmail.com",NULL,"+393357814403",NULL,NULL,NULL,NULL,NULL,NULL,NULL,NULL,NULL,"it","{""defaultLanguage"":""it_IT""}",NULL,NULL,NULL,NULL,NULL,,"1"
"686","visible","customer",NULL,"Fabrizio","Leone","fabrizioleone80@gmail.com",NULL,"+393471543498",NULL,NULL,NULL,NULL,NULL,NULL,NULL,NULL,NULL,"it","{""defaultLanguage"":""it_IT""}",NULL,NULL,NULL,NULL,NULL,,"1"
"687","visible","customer",NULL,"Alessandro","Meloni","alemeloni95@hotmail.com",NULL,"+39 340 2687667",NULL,NULL,NULL,NULL,NULL,NULL,NULL,NULL,NULL,"it","{""defaultLanguage"":""it_IT""}",NULL,NULL,NULL,NULL,NULL,,"1"
"688","visible","customer",NULL,"Gabriele","Soru","gabrielepasqualesoru@gmail.com",NULL,"+393396849561",NULL,NULL,NULL,NULL,NULL,NULL,NULL,NULL,NULL,"it","{""defaultLanguage"":""it_IT""}",NULL,NULL,NULL,NULL,NULL,,"1"
"689","visible","customer",NULL,"Maria Antonietta","Mereu","anto.mereu63@libero.it",NULL,"+393470034627",NULL,NULL,NULL,NULL,NULL,NULL,NULL,NULL,NULL,"it","{""defaultLanguage"":""it_IT""}",NULL,NULL,NULL,NULL,NULL,,"1"
"690","visible","customer",NULL,"Antonella","Marras","antonellamar63@live.it",NULL,"+393456368288",NULL,NULL,NULL,NULL,NULL,NULL,NULL,NULL,NULL,"it","{""defaultLanguage"":""it_IT""}",NULL,NULL,NULL,NULL,NULL,,"1"
"691","visible","customer",NULL,"William","Meli","william@ideare.co.za",NULL,"+39 375 7458793",NULL,NULL,NULL,NULL,NULL,NULL,NULL,NULL,NULL,"it","{""defaultLanguage"":""it_IT""}",NULL,NULL,NULL,NULL,NULL,,"1"
"692","visible","customer",NULL,"Cecilia","Piras","wjlljo@gmail.com",NULL,"+393757458793",NULL,NULL,NULL,NULL,NULL,NULL,NULL,NULL,NULL,"it","{""defaultLanguage"":""it_IT""}",NULL,NULL,NULL,NULL,NULL,,"1"
"693","visible","customer",NULL,"Enzo","Sanna","madasala@gmail.com",NULL,"+393283817662",NULL,NULL,NULL,NULL,NULL,NULL,NULL,NULL,NULL,"it","{""defaultLanguage"":""it_IT""}",NULL,NULL,NULL,NULL,NULL,,"1"
"694","visible","customer",NULL,"salvatore","cuccui","totoregavoi@hotmail.it",NULL,"+393337080554",NULL,NULL,NULL,NULL,NULL,NULL,NULL,NULL,NULL,"it","{""defaultLanguage"":""it_IT""}",NULL,NULL,NULL,NULL,NULL,,"1"
"695","visible","customer",NULL,"Fabrizia","Lunelli","fabrizialunelli@libero.it",NULL,"+39 348 363 6855",NULL,NULL,NULL,NULL,NULL,NULL,NULL,NULL,NULL,"it","{""defaultLanguage"":""it_IT""}",NULL,NULL,NULL,NULL,NULL,,"1"
"696","visible","customer",NULL,"Agostino","Meli","melago58@gmail.com",NULL,"+393463841592",NULL,NULL,NULL,NULL,NULL,NULL,NULL,NULL,NULL,"it","{""defaultLanguage"":""it_IT""}",NULL,NULL,NULL,NULL,NULL,,"1"
"697","visible","customer",NULL,"Giuseppe","Benazzi","giuseppesconcola@libero.it",NULL,"+39 331 762 6740",NULL,NULL,NULL,NULL,NULL,NULL,NULL,NULL,NULL,"it","{""defaultLanguage"":""it_IT""}",NULL,NULL,NULL,NULL,NULL,,"1"
"698","visible","customer",NULL,"Giovanni","Tiana","tivanni61@gmail.com",NULL,"+39 329 801 9640",NULL,NULL,NULL,NULL,NULL,NULL,NULL,NULL,NULL,"it","{""defaultLanguage"":""it_IT""}",NULL,NULL,NULL,NULL,NULL,,"1"
"699","visible","customer",NULL,"Caterina","Soru","catisoru@tiscali.it",NULL,"+393288911146",NULL,NULL,NULL,NULL,NULL,NULL,NULL,NULL,NULL,"it","{""defaultLanguage"":""it_IT""}",NULL,NULL,NULL,NULL,NULL,,"1"
"700","visible","customer",NULL,"Antonella","Dedoni","antonella.dedoni@gmail.com",NULL,"+393400567383",NULL,NULL,NULL,NULL,NULL,NULL,NULL,NULL,NULL,"it","{""defaultLanguage"":""it_IT""}",NULL,NULL,NULL,NULL,NULL,,"1"
"701","visible","customer",NULL,"DINO","PUDDU","mondopuddu64@gmail.com",NULL,"+393346575060",NULL,NULL,NULL,NULL,NULL,NULL,NULL,NULL,NULL,"it","{""defaultLanguage"":""it_IT""}",NULL,NULL,NULL,NULL,NULL,,"1"
"702","visible","customer",NULL,"Claudio","Piazza","claudiosquare@libero.it",NULL,"+393407210588",NULL,NULL,NULL,NULL,NULL,NULL,NULL,NULL,NULL,"it","{""defaultLanguage"":""it_IT""}",NULL,NULL,NULL,NULL,NULL,,"1"
"703","visible","customer",NULL,"Alfonsina","Tanda","menefrego.74@gmail.com",NULL,"+393495995457",NULL,NULL,NULL,NULL,NULL,NULL,NULL,NULL,NULL,"it","{""defaultLanguage"":""it_IT""}",NULL,NULL,NULL,NULL,NULL,,"1"
"704","visible","customer",NULL,"stefania","termini","banzumasinu@gmail.com",NULL,"+393714353877",NULL,NULL,NULL,NULL,NULL,NULL,NULL,NULL,NULL,"it","{""defaultLanguage"":""it_IT""}",NULL,NULL,NULL,NULL,NULL,,"1"
"705","visible","customer",NULL,"Simona","Pisanu","simona.pis11@gmail.com",NULL,"+393409339230",NULL,NULL,NULL,NULL,NULL,NULL,NULL,NULL,NULL,"it","{""defaultLanguage"":""it_IT""}",NULL,NULL,NULL,NULL,NULL,,"1"
"706","visible","customer",NULL,"Angela","Vidili","angelitavidili@yahoo.it",NULL,"+393491380805",NULL,NULL,NULL,NULL,NULL,NULL,NULL,NULL,NULL,"it","{""defaultLanguage"":""it_IT""}",NULL,NULL,NULL,NULL,NULL,,"1"
"707","visible","customer",NULL,"Maurizio","Dettori","detto.maurizio@gmail.com",NULL,"+393338011082",NULL,NULL,NULL,NULL,NULL,NULL,NULL,NULL,NULL,"it","{""defaultLanguage"":""it_IT""}",NULL,NULL,NULL,NULL,NULL,,"1"
"708","visible","customer",NULL,"Paolo","Cossu","paolograzianocossu@yahoo.it",NULL,"+393471516747",NULL,NULL,NULL,NULL,NULL,NULL,NULL,NULL,NULL,"it","{""defaultLanguage"":""it_IT""}",NULL,NULL,NULL,NULL,NULL,,"1"
"709","visible","customer",NULL,"Stefania","Mura","mstefy1981@gmail.com",NULL,"+393519736528",NULL,NULL,NULL,NULL,NULL,NULL,NULL,NULL,NULL,"it","{""defaultLanguage"":""it_IT""}",NULL,NULL,NULL,NULL,NULL,,"1"
"710","visible","customer",NULL,"gianpiero","termini","Stefaniatermini75@gmail.com",NULL,"+49 176 72627570",NULL,NULL,NULL,NULL,NULL,NULL,NULL,NULL,NULL,"de","{""defaultLanguage"":""it_IT""}",NULL,NULL,NULL,NULL,NULL,,"1"
"711","visible","customer",NULL,"gianfranco","cuccuru","gianfrancomucores@libero.it",NULL,"+393280930308",NULL,NULL,NULL,NULL,NULL,NULL,NULL,NULL,NULL,"it","{""defaultLanguage"":""it_IT""}",NULL,NULL,NULL,NULL,NULL,,"1"
"712","visible","customer",NULL,"Daniela","Coa","daniela.coa75@gmail.com",NULL,"+393471284668",NULL,NULL,NULL,NULL,NULL,NULL,NULL,NULL,NULL,"it","{""defaultLanguage"":""it_IT""}",NULL,NULL,NULL,NULL,NULL,,"1"
"713","visible","customer",NULL,"Giuliana","Perra","lu_crezya4@hotmail.com",NULL,"+393925425308",NULL,NULL,NULL,NULL,NULL,NULL,NULL,NULL,NULL,"it","{""defaultLanguage"":""it_IT""}",NULL,NULL,NULL,NULL,NULL,,"1"
"714","visible","customer",NULL,"Lorenza","Paba","Lorenzapaba@yahoo.it",NULL,"+393498418437",NULL,NULL,NULL,NULL,NULL,NULL,NULL,NULL,NULL,"it","{""defaultLanguage"":""it_IT""}",NULL,NULL,NULL,NULL,NULL,,"1"
"715","visible","customer",NULL,"Marina","Salaris","marina.salaris@yahoo.it",NULL,"+393494977646",NULL,NULL,NULL,NULL,NULL,NULL,NULL,NULL,NULL,"it","{""defaultLanguage"":""it_IT""}",NULL,NULL,NULL,NULL,NULL,,"1"
"716","visible","customer",NULL,"Anna Rita","Scotti","annascotti79@gmail.com",NULL,"+393934092399",NULL,NULL,NULL,NULL,NULL,NULL,NULL,NULL,NULL,"it","{""defaultLanguage"":""it_IT""}",NULL,NULL,NULL,NULL,NULL,,"1"
"717","visible","customer",NULL,"luca","manunza","luca.lasaius@gmail.com",NULL,"+393805207711",NULL,NULL,NULL,NULL,NULL,NULL,NULL,NULL,NULL,"it","{""defaultLanguage"":""it_IT""}",NULL,NULL,NULL,NULL,NULL,,"1"
"718","visible","customer",NULL,"Antonella","Ledda","antoneledda@gmail.com",NULL,"+393471212463",NULL,NULL,NULL,NULL,NULL,NULL,NULL,NULL,NULL,"it","{""defaultLanguage"":""it_IT""}",NULL,NULL,NULL,NULL,NULL,,"1"
"719","visible","customer",NULL,"Francesca","Pischedda","fpischedda1@gmail.com",NULL,"+393206813528",NULL,NULL,NULL,NULL,NULL,NULL,NULL,NULL,NULL,"it","{""defaultLanguage"":""it_IT""}",NULL,NULL,NULL,NULL,NULL,,"1"
"720","visible","customer",NULL,"Lucia","Cocco","lucycocco@tiscali.it",NULL,"+393398366476",NULL,NULL,NULL,NULL,NULL,NULL,NULL,NULL,NULL,"it","{""defaultLanguage"":""it_IT""}",NULL,NULL,NULL,NULL,NULL,,"1"
"721","visible","customer",NULL,"Antonio","Carta","110904aggs@gmail.com",NULL,"+393341229370",NULL,NULL,NULL,NULL,NULL,NULL,NULL,NULL,NULL,"it","{""defaultLanguage"":""it_IT""}",NULL,NULL,NULL,NULL,NULL,,"1"
"722","visible","customer",NULL,"CARLO","DEIDDA","deiddacarlo@gmail.com",NULL,"+393286836349",NULL,NULL,NULL,NULL,NULL,NULL,NULL,NULL,NULL,NULL,"{""defaultLanguage"":""it_IT""}",NULL,NULL,NULL,NULL,NULL,,"1"
"723","visible","customer",NULL,"Marco","Denti","marcodenti1968@gmail.com",NULL,"+393314300934",NULL,NULL,NULL,NULL,NULL,NULL,NULL,NULL,NULL,"it","{""defaultLanguage"":""it_IT""}",NULL,NULL,NULL,NULL,NULL,,"1"
